Date,Action,Open,High,Low,Close,Stage,Prev Close,Price,Threshold Buy Price,Threshold Sell Price,Shares to trade,Total Shares,Total Cash,Total Capital (Cash + Shares),Price(buy),Price(sell)
2020-01-03,HOLD,18.5,18.89,18.27,18.41,0,19.46,18.41,18.1,21.22,0.0,0.0,16000.0,16000.0,,
2020-01-06,HOLD,17.73,18.0,17.43,17.83,0,18.41,17.83,17.12,20.07,0.0,0.0,16000.0,16000.0,,
2020-01-07,HOLD,18.4,19.01,18.12,18.75,0,17.83,18.75,16.58,19.43,0.0,0.0,16000.0,16000.0,,
2020-01-08,HOLD,18.83,19.12,18.49,18.79,0,18.75,18.79,17.44,20.44,0.0,0.0,16000.0,16000.0,,
2020-01-09,HOLD,19.47,19.48,18.55,19.11,0,18.79,19.11,17.47,20.48,0.0,0.0,16000.0,16000.0,,
2020-01-10,HOLD,19.38,19.38,18.58,18.72,0,19.11,18.72,17.78,20.83,0.0,0.0,16000.0,16000.0,,
2020-01-13,HOLD,19.13,19.5,18.92,19.46,0,18.72,19.46,17.41,20.41,0.0,0.0,16000.0,16000.0,,
2020-01-14,HOLD,19.47,20.02,19.22,19.58,0,19.46,19.58,18.1,21.21,0.0,0.0,16000.0,16000.0,,
2020-01-15,HOLD,19.57,19.62,18.67,18.88,0,19.58,18.88,18.21,21.35,0.0,0.0,16000.0,16000.0,,
2020-01-16,HOLD,19.34,19.82,19.3,19.82,0,18.88,19.82,17.56,20.58,0.0,0.0,16000.0,16000.0,,
2020-01-17,HOLD,20.08,20.24,19.75,20.21,0,19.82,20.21,18.44,21.61,0.0,0.0,16000.0,16000.0,,
2020-01-21,HOLD,19.96,20.4,19.93,20.17,0,20.21,20.17,18.79,22.03,0.0,0.0,16000.0,16000.0,,
2020-01-22,HOLD,20.63,21.29,20.47,20.65,0,20.17,20.65,18.76,21.99,0.0,0.0,16000.0,16000.0,,
2020-01-23,HOLD,20.89,21.13,20.25,21.12,0,20.65,21.12,19.21,22.51,0.0,0.0,16000.0,16000.0,,
2020-01-24,HOLD,21.95,22.07,19.96,20.41,0,21.12,20.41,19.64,23.02,0.0,0.0,16000.0,16000.0,,
2020-01-27,BUY,18.59,18.8,17.94,18.04,0,20.41,18.37,18.98,22.25,28.0,28.0,15485.72,15990.88,18.37,
2020-01-28,HOLD,18.73,19.5,18.33,19.33,1,18.04,19.33,16.78,19.67,0.0,28.0,15485.72,16027.04,,
2020-01-29,HOLD,19.12,19.24,18.2,18.27,1,19.33,18.27,17.98,21.07,0.0,28.0,15485.72,15997.19,,
2020-01-30,HOLD,17.9,18.37,17.14,18.2,1,18.27,18.2,16.99,19.91,0.0,28.0,15485.72,15995.29,,
2020-01-31,BUY,17.76,17.78,16.03,16.24,1,18.2,16.92,16.92,19.84,28.0,56.0,15011.83,15921.31,16.92,
2020-02-03,HOLD,16.47,16.94,16.4,16.86,2,16.24,16.86,15.1,17.7,0.0,56.0,15011.83,15956.03,,
2020-02-04,SELL,18.14,18.47,17.89,18.43,2,16.86,18.38,15.68,18.38,28.0,28.0,15526.42,16042.55,,18.38
2020-02-05,HOLD,19.41,19.72,18.83,19.64,0,18.43,19.64,17.14,20.09,0.0,28.0,15526.42,16076.34,,
2020-02-06,HOLD,19.7,19.72,18.95,19.65,0,19.64,19.65,18.27,21.41,0.0,28.0,15526.42,16076.69,,
2020-02-07,BUY,19.07,19.15,18.23,18.27,0,19.65,18.28,18.28,21.42,27.0,55.0,15032.94,16037.57,18.28,
2020-02-10,HOLD,17.84,19.09,17.83,19.09,1,18.27,19.09,16.99,19.91,0.0,55.0,15032.94,16083.07,,
2020-02-11,HOLD,19.61,20.54,19.6,20.24,1,19.09,20.24,17.76,20.81,0.0,55.0,15032.94,16146.1,,
2020-02-12,HOLD,20.89,21.23,20.8,21.13,1,20.24,21.13,18.82,22.06,0.0,55.0,15032.94,16195.02,,
2020-02-13,HOLD,20.56,21.63,20.51,21.18,1,21.13,21.18,19.65,23.03,0.0,55.0,15032.94,16197.58,,
2020-02-14,HOLD,21.65,21.91,20.66,21.04,1,21.18,21.04,19.69,23.08,0.0,55.0,15032.94,16190.1,,
2020-02-18,HOLD,19.93,20.28,19.73,20.17,1,21.04,20.17,19.57,22.93,0.0,55.0,15032.94,16142.03,,
2020-02-19,HOLD,20.99,21.81,20.94,21.73,1,20.17,21.73,18.75,21.98,0.0,55.0,15032.94,16228.2,,
2020-02-20,BUY,21.47,21.67,19.77,20.76,1,21.73,20.21,20.21,23.69,55.0,110.0,13921.35,16205.02,20.21,
2020-02-21,BUY,20.34,20.37,18.67,18.9,2,20.76,19.31,19.31,22.63,110.0,220.0,11797.53,15954.8,19.31,
2020-02-24,BUY,16.22,17.01,15.93,16.2,3,18.9,16.47,17.57,20.6,220.0,440.0,8173.1,15301.4,16.47,
2020-02-25,BUY,16.89,16.92,14.45,14.71,4,16.2,15.07,15.07,17.66,440.0,880.0,1543.79,14490.94,15.07,
2020-02-26,HOLD,15.07,15.77,14.53,14.84,5,14.71,14.84,13.68,16.04,0.0,880.0,1543.79,14599.47,,
2020-02-27,HOLD,13.44,14.34,12.66,12.74,5,14.84,12.74,13.8,16.17,0.0,880.0,1543.79,12756.75,,
2020-02-28,HOLD,11.47,13.87,11.45,13.67,5,12.74,13.67,11.85,13.89,0.0,880.0,1543.79,13570.46,,
2020-03-02,HOLD (not good price),14.5,15.02,13.02,15.02,5,13.67,15.02,12.71,14.9,0.0,880.0,1543.79,14761.39,,
2020-03-03,HOLD,15.21,15.82,13.12,13.5,5,15.02,13.5,13.97,16.37,0.0,880.0,1543.79,13423.21,,
2020-03-04,HOLD (not good price),14.31,15.49,13.74,15.48,5,13.5,15.48,12.55,14.71,0.0,880.0,1543.79,15162.09,,
2020-03-05,HOLD,14.19,15.29,13.73,14.09,5,15.48,14.09,14.39,16.87,0.0,880.0,1543.79,13940.65,,
2020-03-06,HOLD,13.0,13.57,12.2,13.24,5,14.09,13.24,13.1,15.36,0.0,880.0,1543.79,13195.58,,
2020-03-09,HOLD,10.14,11.79,9.87,9.89,5,13.24,9.89,12.31,14.43,0.0,880.0,1543.79,10243.47,,
2020-03-10,HOLD (not good price),11.13,11.77,9.93,11.77,5,9.89,11.77,9.19,10.78,0.0,880.0,1543.79,11904.33,,
2020-03-11,HOLD,10.72,11.13,9.42,9.78,5,11.77,9.78,10.95,12.83,0.0,880.0,1543.79,10146.67,,
2020-03-12,HOLD,7.77,8.92,6.8,6.8,5,9.78,6.8,9.09,10.66,0.0,880.0,1543.79,7530.14,,
2020-03-13,HOLD (not good price),8.07,8.73,6.53,8.66,5,6.8,8.66,6.33,7.41,0.0,880.0,1543.79,9165.77,,
2020-03-16,HOLD,5.99,7.1,5.27,5.32,5,8.66,5.32,8.06,9.44,0.0,880.0,1543.79,6224.22,,
2020-03-17,HOLD (not good price),5.32,5.99,4.38,5.85,5,5.32,5.85,4.95,5.8,0.0,880.0,1543.79,6689.45,,
2020-03-18,HOLD,4.6,5.26,3.57,4.33,5,5.85,4.33,5.44,6.37,0.0,880.0,1543.79,5357.13,,
2020-03-19,HOLD (not good price),4.22,5.07,3.85,4.66,5,4.33,4.66,4.03,4.72,0.0,880.0,1543.79,5646.35,,
2020-03-20,HOLD (not good price),5.22,5.43,4.25,4.26,5,4.66,4.26,4.34,5.08,0.0,880.0,1543.79,5295.53,,
2020-03-23,HOLD (not good price),4.53,4.94,4.09,4.66,5,4.26,4.66,3.96,4.65,0.0,880.0,1543.79,5644.59,,
2020-03-24,HOLD (not good price),5.57,6.27,5.55,6.25,5,4.66,6.25,4.33,5.08,0.0,880.0,1543.79,7043.21,,
2020-03-25,HOLD (not good price),6.36,7.01,5.71,6.0,5,6.25,6.0,5.81,6.81,0.0,880.0,1543.79,6827.9,,
2020-03-26,HOLD (not good price),6.47,7.27,6.27,7.21,5,6.0,7.21,5.58,6.55,0.0,880.0,1543.79,7884.49,,
2020-03-27,HOLD,6.48,6.82,6.05,6.1,5,7.21,6.1,6.7,7.85,0.0,880.0,1543.79,6908.27,,
2020-03-30,HOLD (not good price),6.33,6.8,6.16,6.75,5,6.1,6.75,5.67,6.64,0.0,880.0,1543.79,7485.55,,
2020-03-31,HOLD,6.76,7.08,6.16,6.32,5,6.75,6.32,6.28,7.36,0.0,880.0,1543.79,7101.87,,
2020-04-01,HOLD,5.69,6.16,5.11,5.29,5,6.32,5.29,5.87,6.88,0.0,880.0,1543.79,6202.51,,
2020-04-02,HOLD (not good price),5.18,5.8,5.18,5.78,5,5.29,5.78,4.92,5.77,0.0,880.0,1543.79,6629.02,,
2020-04-03,HOLD,5.78,5.96,5.21,5.44,5,5.78,5.44,5.37,6.3,0.0,880.0,1543.79,6326.89,,
2020-04-06,HOLD (not good price),6.13,7.18,6.13,7.1,5,5.44,7.1,5.05,5.92,0.0,880.0,1543.79,7794.14,,
2020-04-07,HOLD (not good price),7.91,7.98,6.98,7.01,5,7.1,7.01,6.61,7.74,0.0,880.0,1543.79,7715.53,,
2020-04-08,HOLD (not good price),7.39,7.8,7.06,7.72,5,7.01,7.72,6.52,7.64,0.0,880.0,1543.79,8333.87,,
2020-04-09,HOLD,8.04,8.23,6.99,7.21,5,7.72,7.21,7.18,8.41,0.0,880.0,1543.79,7888.59,,
2020-04-13,HOLD,7.16,7.52,6.96,7.47,5,7.21,7.47,6.71,7.86,0.0,880.0,1543.79,8117.39,,
2020-04-14,HOLD (not good price),7.99,8.49,7.94,8.46,5,7.47,8.46,6.95,8.14,0.0,880.0,1543.79,8990.35,,
2020-04-15,HOLD,7.97,7.97,7.51,7.78,5,8.46,7.78,7.87,9.22,0.0,880.0,1543.79,8386.09,,
2020-04-16,HOLD,8.16,8.43,7.83,8.35,5,7.78,8.35,7.23,8.48,0.0,880.0,1543.79,8889.45,,
2020-04-17,HOLD,8.86,8.89,8.27,8.56,5,8.35,8.56,7.76,9.1,0.0,880.0,1543.79,9080.11,,
2020-04-20,HOLD,8.2,8.57,8.0,8.01,5,8.56,8.01,7.96,9.33,0.0,880.0,1543.79,8593.77,,
2020-04-21,HOLD,7.64,7.77,6.77,6.89,5,8.01,6.89,7.45,8.73,0.0,880.0,1543.79,7603.47,,
2020-04-22,HOLD (not good price),7.5,8.18,7.41,8.04,5,6.89,8.04,6.4,7.51,0.0,880.0,1543.79,8618.41,,
2020-04-23,HOLD,8.08,8.34,7.75,7.84,5,8.04,7.84,7.48,8.76,0.0,880.0,1543.79,8438.89,,
2020-04-24,HOLD,7.86,8.38,7.63,8.33,5,7.84,8.33,7.29,8.54,0.0,880.0,1543.79,8877.71,,
2020-04-27,HOLD,8.67,8.92,8.54,8.67,5,8.33,8.67,7.75,9.08,0.0,880.0,1543.79,9173.98,,
2020-04-28,HOLD,9.13,9.29,8.5,8.54,5,8.67,8.54,8.06,9.45,0.0,880.0,1543.79,9054.89,,
2020-04-29,HOLD (not good price),8.97,9.85,8.93,9.76,5,8.54,9.76,7.94,9.3,0.0,880.0,1543.79,10132.59,,
2020-04-30,HOLD,9.62,9.66,8.67,8.73,5,9.76,8.73,9.08,10.64,0.0,880.0,1543.79,9229.71,,
2020-05-01,HOLD,8.13,8.17,7.32,7.41,5,8.73,7.41,8.12,9.52,0.0,880.0,1543.79,8061.66,,
2020-05-04,HOLD,7.21,7.64,7.13,7.61,5,7.41,7.61,6.89,8.07,0.0,880.0,1543.79,8244.7,,
2020-05-05,HOLD (not good price),8.05,8.43,7.85,8.0,5,7.61,8.0,7.08,8.3,0.0,880.0,1543.79,8584.38,,
2020-05-06,HOLD,8.27,8.66,8.21,8.28,5,8.0,8.28,7.44,8.72,0.0,880.0,1543.79,8828.43,,
2020-05-07,HOLD,8.71,8.82,8.39,8.52,5,8.28,8.52,7.7,9.02,0.0,880.0,1543.79,9041.98,,
2020-05-08,HOLD,8.78,9.28,8.69,9.27,5,8.52,9.27,7.92,9.29,0.0,880.0,1543.79,9697.29,,
2020-05-11,HOLD,8.96,9.48,8.94,9.24,5,9.27,9.24,8.62,10.1,0.0,880.0,1543.79,9674.99,,
2020-05-12,HOLD,9.43,9.52,8.46,8.46,5,9.24,8.46,8.59,10.07,0.0,880.0,1543.79,8985.66,,
2020-05-13,HOLD,8.69,8.74,7.63,8.0,5,8.46,8.0,7.86,9.22,0.0,880.0,1543.79,8584.97,,
2020-05-14,HOLD,7.81,8.67,7.4,8.64,5,8.0,8.64,7.44,8.72,0.0,880.0,1543.79,9147.58,,
2020-05-15,HOLD,7.79,8.19,7.64,8.1,5,8.64,8.1,8.04,9.42,0.0,880.0,1543.79,8671.21,,
2020-05-18,HOLD (not good price),8.67,9.35,8.67,9.23,5,8.1,9.23,7.53,8.83,0.0,880.0,1543.79,9668.54,,
2020-05-19,HOLD,9.19,9.76,9.11,9.12,5,9.23,9.12,8.59,10.06,0.0,880.0,1543.79,9571.15,,
2020-05-20,HOLD (not good price),9.68,10.31,9.67,10.16,5,9.12,10.16,8.48,9.94,0.0,880.0,1543.79,10484.01,,
2020-05-21,HOLD,10.16,10.16,9.32,9.37,5,10.16,9.37,9.45,11.07,0.0,880.0,1543.79,9789.39,,
2020-05-22,HOLD,9.45,9.53,9.03,9.51,5,9.37,9.51,8.71,10.21,0.0,880.0,1543.79,9909.07,,
2020-05-26,HOLD (not good price),10.25,10.39,9.75,9.8,5,9.51,9.8,8.84,10.36,0.0,880.0,1543.79,10168.38,,
2020-05-27,HOLD,9.92,10.23,9.05,10.22,5,9.8,10.22,9.11,10.68,0.0,880.0,1543.79,10536.81,,
2020-05-28,HOLD,10.05,10.42,9.4,9.55,5,10.22,9.55,9.5,11.14,0.0,880.0,1543.79,9946.62,,
2020-05-29,HOLD,9.68,10.38,9.57,10.27,5,9.55,10.27,8.88,10.41,0.0,880.0,1543.79,10584.91,,
2020-06-01,HOLD,10.07,10.27,9.87,10.15,5,10.27,10.15,9.55,11.2,0.0,880.0,1543.79,10472.86,,
2020-06-02,HOLD,10.23,10.8,10.07,10.8,5,10.15,10.8,9.44,11.06,0.0,880.0,1543.79,11047.79,,
2020-06-03,HOLD (not good price),11.22,11.88,11.22,11.75,5,10.8,11.75,10.04,11.77,0.0,880.0,1543.79,11880.86,,
2020-06-04,HOLD,11.64,12.31,11.48,12.06,5,11.75,12.06,10.92,12.8,0.0,880.0,1543.79,12153.07,,
2020-06-05,HOLD (not good price),12.93,13.47,12.83,12.93,5,12.06,12.93,11.21,13.14,0.0,880.0,1543.79,12925.71,,
2020-06-08,HOLD,13.26,13.26,12.46,12.86,5,12.93,12.86,12.03,14.1,0.0,880.0,1543.79,12856.49,,
2020-06-09,HOLD,12.41,13.01,12.28,12.88,5,12.86,12.88,11.96,14.01,0.0,880.0,1543.79,12875.85,,
2020-06-10,HOLD,13.15,13.38,12.86,13.0,5,12.88,13.0,11.98,14.04,0.0,880.0,1543.79,12980.27,,
2020-06-11,HOLD,12.0,12.16,10.5,10.52,5,13.0,10.52,12.09,14.17,0.0,880.0,1543.79,10797.87,,
2020-06-12,HOLD (not good price),11.49,11.6,10.26,10.95,5,10.52,10.95,9.78,11.46,0.0,880.0,1543.79,11181.55,,
2020-06-15,HOLD,10.26,11.46,10.12,11.43,5,10.95,11.43,10.19,11.94,0.0,880.0,1543.79,11604.54,,
2020-06-16,HOLD (not good price),12.41,12.62,11.43,12.04,5,11.43,12.04,10.63,12.46,0.0,880.0,1543.79,12137.82,,
2020-06-17,HOLD,12.3,12.67,12.13,12.37,5,12.04,12.37,11.2,13.12,0.0,880.0,1543.79,12431.15,,
2020-06-18,HOLD,12.21,12.48,12.1,12.31,5,12.37,12.31,11.51,13.49,0.0,880.0,1543.79,12380.7,,
2020-06-19,HOLD,12.74,12.86,12.01,12.07,5,12.31,12.07,11.45,13.42,0.0,880.0,1543.79,12162.46,,
2020-06-22,HOLD,12.13,12.45,11.71,12.39,5,12.07,12.39,11.22,13.15,0.0,880.0,1543.79,12446.41,,
2020-06-23,HOLD,12.62,12.88,12.42,12.49,5,12.39,12.49,11.52,13.5,0.0,880.0,1543.79,12536.17,,
2020-06-24,HOLD,12.26,12.48,11.37,11.65,5,12.49,11.65,11.62,13.62,0.0,880.0,1543.79,11797.55,,
2020-06-25,HOLD,11.64,11.99,11.09,11.94,5,11.65,11.94,10.84,12.7,0.0,880.0,1543.79,12049.82,,
2020-06-26,HOLD,11.8,12.01,11.16,11.22,5,11.94,11.22,11.1,13.01,0.0,880.0,1543.79,11420.91,,
2020-06-29,HOLD,11.25,11.62,10.83,11.61,5,11.22,11.61,10.44,12.23,0.0,880.0,1543.79,11760.59,,
2020-06-30,HOLD,11.75,12.65,11.75,12.55,5,11.61,12.55,10.8,12.65,0.0,880.0,1543.79,12585.45,,
2020-07-01,HOLD,12.56,12.56,11.99,12.02,5,12.55,12.02,11.67,13.68,0.0,880.0,1543.79,12123.74,,
2020-07-02,HOLD,12.53,12.8,12.33,12.47,5,12.02,12.47,11.18,13.1,0.0,880.0,1543.79,12517.39,,
2020-07-06,HOLD (not good price),13.11,13.59,13.09,13.47,5,12.47,13.47,11.6,13.59,0.0,880.0,1543.79,13397.39,,
2020-07-07,HOLD,13.3,13.61,12.9,12.97,5,13.47,12.97,12.53,14.68,0.0,880.0,1543.79,12959.15,,
2020-07-08,HOLD,13.3,13.53,12.95,13.51,5,12.97,13.51,12.06,14.14,0.0,880.0,1543.79,13431.42,,
2020-07-09,HOLD,13.67,14.29,13.07,14.05,5,13.51,14.05,12.56,14.72,0.0,880.0,1543.79,13904.27,,
2020-07-10,HOLD,14.07,14.2,13.48,13.91,5,14.05,13.91,13.06,15.31,0.0,880.0,1543.79,13781.07,,
2020-07-13,HOLD,14.49,14.96,13.13,13.21,5,13.91,13.21,12.93,15.16,0.0,880.0,1543.79,13170.35,,
2020-07-14,HOLD,12.99,13.96,12.4,13.91,5,13.21,13.91,12.29,14.4,0.0,880.0,1543.79,13786.35,,
2020-07-15,HOLD,14.2,14.21,13.13,13.77,5,13.91,13.77,12.94,15.16,0.0,880.0,1543.79,13663.74,,
2020-07-16,HOLD,13.33,13.77,13.13,13.6,5,13.77,13.6,12.81,15.01,0.0,880.0,1543.79,13515.9,,
2020-07-17,HOLD,13.85,14.0,13.6,13.86,5,13.6,13.86,12.65,14.83,0.0,880.0,1543.79,13737.66,,
2020-07-20,HOLD,13.92,14.77,13.63,14.71,5,13.86,14.71,12.89,15.1,0.0,880.0,1543.79,14489.18,,
2020-07-21,HOLD,14.97,15.04,14.25,14.4,5,14.71,14.4,13.68,16.03,0.0,880.0,1543.79,14215.21,,
2020-07-22,HOLD,14.53,14.9,14.22,14.57,5,14.4,14.57,13.39,15.7,0.0,880.0,1543.79,14367.15,,
2020-07-23,HOLD,14.55,14.94,13.51,13.89,5,14.57,13.89,13.55,15.88,0.0,880.0,1543.79,13769.93,,
2020-07-24,HOLD,13.16,13.83,12.63,13.23,5,13.89,13.23,12.92,15.14,0.0,880.0,1543.79,13187.37,,
2020-07-27,HOLD (not good price),13.73,14.5,13.72,14.48,5,13.23,14.48,12.31,14.42,0.0,880.0,1543.79,14290.3,,
2020-07-28,HOLD,14.23,14.23,13.55,13.63,5,14.48,13.63,13.47,15.79,0.0,880.0,1543.79,13536.43,,
2020-07-29,HOLD,14.05,14.65,13.95,14.51,5,13.63,14.51,12.67,14.85,0.0,880.0,1543.79,14313.18,,
2020-07-30,HOLD,14.31,15.38,14.3,15.36,5,14.51,15.36,13.49,15.82,0.0,880.0,1543.79,15060.59,,
2020-07-31,HOLD,15.47,15.48,14.45,15.1,5,15.36,15.1,14.28,16.74,0.0,880.0,1543.79,14832.38,,
2020-08-03,HOLD,15.39,16.08,15.39,16.0,5,15.1,16.0,14.04,16.46,0.0,880.0,1543.79,15623.21,,
2020-08-04,HOLD,15.93,16.71,15.88,16.69,5,16.0,16.69,14.88,17.44,0.0,880.0,1543.79,16228.06,,
2020-08-05,HOLD,16.63,16.85,16.27,16.65,5,16.69,16.65,15.52,18.19,0.0,880.0,1543.79,16199.31,,
2020-08-06,HOLD,16.54,16.67,16.09,16.59,5,16.65,16.59,15.49,18.15,0.0,880.0,1543.79,16145.92,,
2020-08-07,HOLD,16.47,16.73,15.44,16.03,5,16.59,16.03,15.43,18.09,0.0,880.0,1543.79,15649.61,,
2020-08-10,HOLD,16.12,16.23,15.33,16.04,5,16.03,16.04,14.91,17.47,0.0,880.0,1543.79,15658.41,,
2020-08-11,HOLD,15.99,16.47,15.38,15.51,5,16.04,15.51,14.92,17.48,0.0,880.0,1543.79,15190.83,,
2020-08-12,SELL,15.91,17.16,15.77,17.07,5,15.51,16.9,14.42,16.9,440.0,440.0,8981.43,16492.23,,16.9
2020-08-13,HOLD,17.08,17.08,16.27,16.51,4,17.07,16.51,15.88,18.61,0.0,440.0,8981.43,16246.42,,
2020-08-14,HOLD,16.65,17.07,16.31,16.45,4,16.51,16.45,15.36,18.0,0.0,440.0,8981.43,16220.9,,
2020-08-17,HOLD,16.86,17.28,16.78,17.08,4,16.45,17.08,15.3,17.93,0.0,440.0,8981.43,16494.87,,
2020-08-18,HOLD,17.28,17.37,16.63,16.79,4,17.08,16.79,15.88,18.61,0.0,440.0,8981.43,16370.79,,
2020-08-19,HOLD,16.81,16.93,16.32,16.47,4,16.79,16.47,15.62,18.31,0.0,440.0,8981.43,16227.35,,
2020-08-20,HOLD,15.98,16.28,15.69,16.04,4,16.47,16.04,15.32,17.95,0.0,440.0,8981.43,16038.74,,
2020-08-21,HOLD,16.05,16.4,15.77,16.39,4,16.04,16.39,14.92,17.48,0.0,440.0,8981.43,16194.2,,
2020-08-24,HOLD,16.89,17.05,16.47,16.85,4,16.39,16.85,15.25,17.87,0.0,440.0,8981.43,16393.67,,
2020-08-25,HOLD,16.88,17.39,16.88,17.39,4,16.85,17.39,15.67,18.36,0.0,440.0,8981.43,16632.44,,
2020-08-26,HOLD,17.5,17.72,17.26,17.58,4,17.39,17.58,16.17,18.95,0.0,440.0,8981.43,16718.68,,
2020-08-27,HOLD,17.66,17.76,16.59,16.9,4,17.58,16.9,16.35,19.17,0.0,440.0,8981.43,16417.14,,
2020-08-28,HOLD,17.01,17.87,16.9,17.86,4,16.9,17.86,15.72,18.42,0.0,440.0,8981.43,16838.36,,
2020-08-31,HOLD,17.84,18.19,17.39,17.81,4,17.86,17.81,16.61,19.46,0.0,440.0,8981.43,16816.36,,
2020-09-01,HOLD,18.13,18.83,17.87,18.81,4,17.81,18.81,16.56,19.41,0.0,440.0,8981.43,17257.54,,
2020-09-02,SELL,19.63,20.76,19.12,20.5,4,18.81,20.5,17.49,20.5,220.0,220.0,13491.91,18001.17,,20.5
2020-09-03,BUY,19.57,19.6,16.6,17.0,3,20.5,19.06,19.06,22.34,220.0,440.0,9298.29,16777.7,19.06,
2020-09-04,BUY,16.62,17.36,14.67,16.53,4,17.0,15.81,15.81,18.53,440.0,880.0,2342.43,16886.49,15.81,
2020-09-08,HOLD,14.71,15.61,14.13,14.17,5,16.53,14.17,15.37,18.01,0.0,880.0,2342.43,14815.55,,
2020-09-09,HOLD (not good price),15.21,15.69,14.67,15.35,5,14.17,15.35,13.18,15.45,0.0,880.0,2342.43,15846.91,,
2020-09-10,HOLD,15.85,16.08,14.43,14.71,5,15.35,14.71,14.27,16.73,0.0,880.0,2342.43,15286.06,,
2020-09-11,HOLD,15.03,15.48,14.19,14.66,5,14.71,14.66,13.68,16.03,0.0,880.0,2342.43,15240.89,,
2020-09-14,HOLD,15.55,15.85,15.21,15.58,5,14.66,15.58,13.63,15.98,0.0,880.0,2342.43,16056.35,,
2020-09-15,HOLD,16.15,16.69,16.1,16.39,5,15.58,16.39,14.49,16.99,0.0,880.0,2342.43,16761.53,,
2020-09-16,HOLD,16.59,16.78,15.83,15.89,5,16.39,15.89,15.24,17.86,0.0,880.0,2342.43,16327.39,,
2020-09-17,HOLD,14.75,15.97,14.55,15.82,5,15.89,15.82,14.78,17.32,0.0,880.0,2342.43,16263.45,,
2020-09-18,HOLD,16.01,16.2,14.52,15.08,5,15.82,15.08,14.71,17.24,0.0,880.0,2342.43,15614.59,,
2020-09-21,HOLD,14.19,15.03,13.89,15.01,5,15.08,15.01,14.03,16.44,0.0,880.0,2342.43,15550.65,,
2020-09-22,HOLD,15.36,15.58,14.55,15.55,5,15.01,15.55,13.96,16.36,0.0,880.0,2342.43,16029.37,,
2020-09-23,HOLD,15.46,15.79,14.26,14.4,5,15.55,14.4,14.46,16.95,0.0,880.0,2342.43,15010.33,,
2020-09-24,HOLD,14.09,15.41,14.07,14.82,5,14.4,14.82,13.39,15.69,0.0,880.0,2342.43,15380.51,,
2020-09-25,HOLD,14.9,15.55,14.22,15.46,5,14.82,15.46,13.78,16.15,0.0,880.0,2342.43,15943.13,,
2020-09-28,HOLD,16.04,16.73,15.76,16.72,5,15.46,16.72,14.37,16.85,0.0,880.0,2342.43,17053.69,,
2020-09-29,HOLD,16.61,17.27,16.61,16.86,5,16.72,16.86,15.55,18.22,0.0,880.0,2342.43,17176.3,,
2020-09-30,HOLD,16.7,17.4,16.6,16.88,5,16.86,16.88,15.68,18.37,0.0,880.0,2342.43,17196.25,,
2020-10-01,HOLD,17.52,18.08,17.34,17.93,5,16.88,17.93,15.7,18.4,0.0,880.0,2342.43,18118.49,,
2020-10-02,HOLD,16.67,17.45,16.28,16.33,5,17.93,16.33,16.67,19.54,0.0,880.0,2342.43,16712.25,,
2020-10-05,SELL,16.79,17.93,16.77,17.92,5,16.33,17.8,15.19,17.8,440.0,440.0,10173.98,18060.25,,17.8
2020-10-06,HOLD,17.86,18.89,17.4,17.62,4,17.92,17.62,16.67,19.54,0.0,440.0,10173.98,17925.61,,
2020-10-07,HOLD,18.37,18.78,18.35,18.68,4,17.62,18.68,16.38,19.2,0.0,440.0,10173.98,18393.18,,
2020-10-08,HOLD,19.17,19.43,18.95,19.33,4,18.68,19.33,17.37,20.36,0.0,440.0,10173.98,18678.6,,
2020-10-09,HOLD,20.02,20.5,19.92,20.34,4,19.33,20.34,17.98,21.07,0.0,440.0,10173.98,19124.76,,
2020-10-12,HOLD,21.09,21.55,20.8,21.23,4,20.34,21.23,18.92,22.17,0.0,440.0,10173.98,19513.42,,
2020-10-13,HOLD,21.25,21.68,20.83,21.2,4,21.23,21.2,19.74,23.14,0.0,440.0,10173.98,19502.28,,
2020-10-14,HOLD,21.34,21.59,20.49,20.86,4,21.2,20.86,19.72,23.11,0.0,440.0,10173.98,19354.44,,
2020-10-15,HOLD,19.8,20.83,19.58,20.7,4,20.86,20.7,19.4,22.74,0.0,440.0,10173.98,19281.98,,
2020-10-16,HOLD,21.21,21.22,20.36,20.4,4,20.7,20.4,19.25,22.56,0.0,440.0,10173.98,19152.04,,
2020-10-19,HOLD,20.87,21.26,19.85,20.08,4,20.4,20.08,18.98,22.24,0.0,440.0,10173.98,19007.42,,
2020-10-20,HOLD,20.36,20.52,19.84,20.01,4,20.08,20.01,18.67,21.88,0.0,440.0,10173.98,18979.26,,
2020-10-21,HOLD,20.16,20.25,19.55,19.59,4,20.01,19.59,18.61,21.81,0.0,440.0,10173.98,18793.29,,
2020-10-22,HOLD,19.73,19.92,18.91,19.66,4,19.59,19.66,18.22,21.35,0.0,440.0,10173.98,18823.5,,
2020-10-23,HOLD,19.48,19.48,18.84,19.37,4,19.66,19.37,18.28,21.43,0.0,440.0,10173.98,18696.78,,
2020-10-26,BUY,18.88,19.13,17.4,18.13,4,19.37,18.01,18.01,21.11,440.0,880.0,2247.78,18204.53,18.01,
2020-10-27,HOLD,18.52,18.67,17.73,17.95,5,18.13,17.95,16.86,19.76,0.0,880.0,2247.78,18039.67,,
2020-10-28,HOLD,17.07,17.09,16.09,16.16,5,17.95,16.16,16.69,19.56,0.0,880.0,2247.78,16467.99,,
2020-10-29,SELL,16.27,17.9,16.13,17.45,5,16.16,17.61,15.03,17.61,440.0,440.0,9997.79,17674.03,,17.61
2020-10-30,BUY,16.9,17.18,16.01,16.6,4,17.45,16.22,16.22,19.02,440.0,880.0,2858.89,17463.96,16.22,
2020-11-02,HOLD,17.14,17.4,16.42,16.86,5,16.6,16.86,15.43,18.09,0.0,880.0,2858.89,17699.21,,
2020-11-03,HOLD,17.33,18.26,17.29,17.87,5,16.86,17.87,15.68,18.38,0.0,880.0,2858.89,18582.14,,
2020-11-04,SELL,18.96,19.97,18.28,19.74,5,17.87,19.48,16.62,19.48,440.0,440.0,11428.06,20113.66,,19.48
2020-11-05,SELL,21.33,22.49,21.33,22.34,4,19.74,21.52,18.36,21.52,220.0,220.0,16161.72,21077.25,,21.52
2020-11-06,HOLD,22.15,23.68,21.93,23.49,3,22.34,23.49,20.78,24.35,0.0,220.0,16161.72,21330.1,,
2020-11-09,HOLD,24.96,25.6,22.55,22.6,3,23.49,22.6,21.85,25.61,0.0,220.0,16161.72,21132.69,,
2020-11-10,BUY,22.0,22.29,20.41,20.56,3,22.6,21.01,21.01,24.63,220.0,440.0,11538.71,20586.58,21.01,
2020-11-11,SELL,21.53,22.91,21.5,22.8,4,20.56,22.41,19.12,22.41,220.0,220.0,16469.8,21486.68,,22.41
2020-11-12,HOLD,22.84,23.09,21.58,21.92,3,22.8,21.92,21.21,24.86,0.0,220.0,16469.8,21292.49,,
2020-11-13,HOLD,22.66,23.31,22.28,22.73,3,21.92,22.73,20.39,23.89,0.0,220.0,16469.8,21471.42,,
2020-11-16,HOLD,23.27,24.45,23.1,24.41,3,22.73,24.41,21.14,24.78,0.0,220.0,16469.8,21840.29,,
2020-11-17,HOLD,24.16,24.22,23.28,23.82,3,24.41,23.82,22.7,26.61,0.0,220.0,16469.8,21709.46,,
2020-11-18,HOLD,23.92,24.45,23.27,23.31,3,23.82,23.31,22.15,25.96,0.0,220.0,16469.8,21598.29,,
2020-11-19,HOLD,23.23,24.41,22.68,24.39,3,23.31,24.39,21.68,25.41,0.0,220.0,16469.8,21836.33,,
2020-11-20,HOLD,24.37,24.98,23.91,24.0,3,24.39,24.0,22.69,26.59,0.0,220.0,16469.8,21749.21,,
2020-11-23,HOLD,24.43,25.29,24.08,25.08,3,24.0,25.08,22.32,26.16,0.0,220.0,16469.8,21988.13,,
2020-11-24,HOLD,25.53,25.57,24.31,25.49,3,25.08,25.49,23.33,27.34,0.0,220.0,16469.8,22077.3,,
2020-11-25,HOLD,25.37,25.86,24.91,25.22,3,25.49,25.22,23.7,27.78,0.0,220.0,16469.8,22017.32,,
2020-11-27,HOLD,25.72,26.61,25.72,26.08,3,25.22,26.08,23.45,27.49,0.0,220.0,16469.8,22208.28,,
2020-11-30,HOLD,26.24,27.15,25.27,27.06,3,26.08,27.06,24.26,28.43,0.0,220.0,16469.8,22424.02,,
2020-12-01,HOLD,27.75,28.93,27.53,28.5,3,27.06,28.5,25.17,29.5,0.0,220.0,16469.8,22739.94,,
2020-12-02,HOLD,28.22,29.1,28.07,28.72,3,28.5,28.72,26.51,31.07,0.0,220.0,16469.8,22787.61,,
2020-12-03,HOLD,29.23,29.69,28.63,28.76,3,28.72,28.76,26.71,31.3,0.0,220.0,16469.8,22797.14,,
2020-12-04,HOLD,29.24,31.19,28.98,31.15,3,28.76,31.15,26.75,31.35,0.0,220.0,16469.8,23323.82,,
2020-12-07,HOLD,31.74,31.74,30.69,31.56,3,31.15,31.56,28.97,33.96,0.0,220.0,16469.8,23413.44,,
2020-12-08,HOLD,31.45,32.27,31.04,31.96,3,31.56,31.96,29.35,34.4,0.0,220.0,16469.8,23501.0,,
2020-12-09,BUY,31.61,32.16,28.62,29.23,3,31.96,29.72,29.72,34.84,220.0,440.0,9930.78,22790.52,29.72,
2020-12-10,HOLD,28.62,29.82,28.13,29.17,4,29.23,29.17,27.18,31.86,0.0,440.0,9930.78,22765.58,,
2020-12-11,HOLD,28.41,28.86,27.27,28.16,4,29.17,28.16,27.13,31.8,0.0,440.0,9930.78,22322.65,,
2020-12-14,HOLD,28.99,29.68,28.8,29.22,4,28.16,29.22,26.19,30.7,0.0,440.0,9930.78,22789.34,,
2020-12-15,HOLD,30.28,30.69,29.75,30.44,4,29.22,30.44,27.18,31.85,0.0,440.0,9930.78,23325.56,,
2020-12-16,HOLD,30.71,30.72,29.7,30.38,4,30.44,30.38,28.31,33.18,0.0,440.0,9930.78,23295.93,,
2020-12-17,HOLD,30.92,30.99,30.18,30.54,4,30.38,30.54,28.25,33.11,0.0,440.0,9930.78,23367.5,,
2020-12-18,HOLD,30.73,30.87,29.56,30.14,4,30.54,30.14,28.4,33.29,0.0,440.0,9930.78,23192.09,,
2020-12-21,HOLD,29.0,29.69,28.17,29.55,4,30.14,29.55,28.03,32.85,0.0,440.0,9930.78,22931.02,,
2020-12-22,HOLD,29.7,29.82,28.75,29.43,4,29.55,29.43,27.48,32.21,0.0,440.0,9930.78,22881.45,,
2020-12-23,HOLD,29.62,29.8,28.78,28.82,4,29.43,28.82,27.37,32.08,0.0,440.0,9930.78,22612.46,,
2020-12-24,HOLD,29.17,29.66,29.03,29.65,4,28.82,29.65,26.8,31.42,0.0,440.0,9930.78,22978.54,,
2020-12-28,HOLD,30.62,30.73,29.37,29.49,4,29.65,29.49,27.58,32.32,0.0,440.0,9930.78,22904.33,,
2020-12-29,HOLD,29.87,29.87,28.28,29.26,4,29.49,29.26,27.42,32.14,0.0,440.0,9930.78,22804.6,,
2020-12-30,HOLD,29.67,30.89,29.6,30.77,4,29.26,30.77,27.21,31.89,0.0,440.0,9930.78,23470.17,,
2020-12-31,HOLD,30.77,31.18,30.18,31.1,4,30.77,31.1,28.62,33.54,0.0,440.0,9930.78,23614.2,,
2021-01-04,HOLD,31.67,33.65,29.93,30.67,4,31.1,30.67,28.92,33.9,0.0,440.0,9930.78,23425.29,,
2021-01-05,HOLD,30.44,32.51,30.44,32.45,4,30.67,32.45,28.52,33.43,0.0,440.0,9930.78,24207.02,,
2021-01-06,HOLD,31.53,34.16,31.28,32.21,4,32.45,32.21,30.17,35.37,0.0,440.0,9930.78,24102.01,,
2021-01-07,SELL,33.65,36.12,33.62,35.76,4,32.21,35.11,29.95,35.11,220.0,220.0,17654.1,25520.57,,35.11
2021-01-08,HOLD,37.51,37.94,34.63,35.79,3,35.76,35.79,33.25,38.97,0.0,220.0,17654.1,25527.17,,
2021-01-11,HOLD,34.97,37.87,34.93,37.09,3,35.79,37.09,33.28,39.01,0.0,220.0,17654.1,25813.9,,
2021-01-12,HOLD,37.67,38.76,36.71,37.82,3,37.09,37.82,34.49,40.43,0.0,220.0,17654.1,25974.21,,
2021-01-13,HOLD,38.62,38.93,37.4,37.92,3,37.82,37.92,35.17,41.22,0.0,220.0,17654.1,25996.35,,
2021-01-14,SELL,39.22,41.61,39.22,40.39,3,37.92,41.33,35.26,41.33,110.0,110.0,22200.63,26643.16,,41.33
2021-01-15,BUY,40.19,40.31,37.11,37.82,2,40.39,37.56,37.56,44.02,110.0,220.0,18069.07,26390.35,37.56,
2021-01-19,SELL,39.51,41.8,39.41,41.67,3,37.82,41.23,35.18,41.23,110.0,110.0,22604.17,27187.5,,41.23
2021-01-20,HOLD,43.16,43.52,40.95,41.32,2,41.67,41.32,38.75,45.42,0.0,110.0,22604.17,27149.3,,
2021-01-21,HOLD,42.39,43.52,41.1,43.16,2,41.32,43.16,38.43,45.04,0.0,110.0,22604.17,27351.62,,
2021-01-22,HOLD,42.0,42.48,40.77,40.79,2,43.16,40.79,40.14,47.04,0.0,110.0,22604.17,27091.07,,
2021-01-25,HOLD,42.01,42.14,38.63,40.97,2,40.79,40.97,37.93,44.46,0.0,110.0,22604.17,27110.36,,
2021-01-26,HOLD,41.05,41.05,39.0,39.06,2,40.97,39.06,38.1,44.65,0.0,110.0,22604.17,26900.26,,
2021-01-27,BUY,36.87,37.05,32.54,33.14,2,39.06,36.32,36.32,42.57,110.0,220.0,18608.81,25900.49,36.32,
2021-01-28,SELL,35.0,36.58,34.17,35.13,3,33.14,36.13,30.82,36.13,110.0,110.0,22582.78,26447.52,,36.13
2021-01-29,HOLD,35.34,35.82,32.9,33.4,2,35.13,33.4,32.67,38.3,0.0,110.0,22582.78,26256.85,,
2021-02-01,SELL,35.09,37.53,34.64,37.35,2,33.4,36.41,31.06,36.41,55.0,55.0,24585.15,26639.29,,36.41
2021-02-02,HOLD,39.13,39.16,37.47,39.05,1,37.35,39.05,34.73,40.71,0.0,55.0,24585.15,26732.79,,
2021-02-03,HOLD,39.47,39.8,36.57,36.63,1,39.05,36.63,36.31,42.56,0.0,55.0,24585.15,26599.94,,
2021-02-04,HOLD,36.34,37.61,35.53,37.54,1,36.63,37.54,34.07,39.93,0.0,55.0,24585.15,26649.74,,
2021-02-05,HOLD,38.33,38.33,36.59,36.72,1,37.54,36.72,34.91,40.92,0.0,55.0,24585.15,26604.89,,
2021-02-08,SELL,37.46,40.13,37.45,40.13,1,36.72,40.03,34.15,40.03,27.0,28.0,25665.89,26789.63,,40.03
2021-02-09,HOLD,39.64,40.54,39.04,39.62,0,40.13,39.62,37.32,43.75,0.0,28.0,25665.89,26775.31,,
2021-02-10,HOLD,40.67,41.31,38.38,40.0,0,39.62,40.0,36.85,43.19,0.0,28.0,25665.89,26785.8,,
2021-02-11,SELL,40.88,44.16,40.88,44.16,0,40.0,43.6,37.2,43.6,28.0,0.0,26886.59,26886.59,,43.6
2021-02-12,HOLD,43.49,46.01,43.0,45.77,0,44.16,45.77,41.07,48.14,0.0,0.0,26886.59,26886.59,,
2021-02-16,HOLD,47.34,47.85,45.81,46.58,0,45.77,46.58,42.57,49.89,0.0,0.0,26886.59,26886.59,,
2021-02-17,BUY,45.1,45.74,42.14,44.01,0,46.58,43.32,43.32,50.77,20.0,20.0,26020.17,26900.38,43.32,
2021-02-18,HOLD,42.2,43.27,41.02,42.69,1,44.01,42.69,40.93,47.97,0.0,20.0,26020.17,26873.87,,
2021-02-19,HOLD,44.64,46.52,44.22,45.8,1,42.69,45.8,39.7,46.53,0.0,20.0,26020.17,26936.14,,
2021-02-22,BUY,44.0,44.94,40.18,40.81,1,45.8,42.59,42.59,49.92,20.0,40.0,25168.31,26800.58,42.59,
2021-02-23,BUY,38.5,40.74,35.07,39.98,2,40.81,37.95,37.95,44.48,40.0,80.0,23650.3,26848.6,37.95,
2021-02-24,SELL,38.98,43.83,38.07,43.75,3,39.98,43.58,37.18,43.58,40.0,40.0,25393.37,27143.19,,43.58
2021-02-25,BUY,42.07,43.01,35.7,36.22,2,43.75,40.68,40.68,47.68,40.0,80.0,23766.05,26663.54,40.68,
2021-02-26,HOLD (not good price),37.94,39.7,35.8,38.71,3,36.22,38.71,33.68,39.48,0.0,80.0,23766.05,26862.9,,
2021-03-01,SELL,40.59,42.56,39.55,42.56,3,38.71,42.19,36.0,42.19,40.0,40.0,25453.83,27156.15,,42.19
2021-03-02,BUY,42.94,42.99,38.45,38.55,2,42.56,39.58,39.58,46.39,40.0,80.0,23870.67,26954.67,39.58,
2021-03-03,BUY,38.9,38.99,34.82,35.01,3,38.55,35.85,35.85,42.02,80.0,160.0,21002.55,26604.15,35.85,
2021-03-04,BUY,34.83,35.19,28.44,29.98,4,35.01,32.56,32.56,38.16,160.0,320.0,15793.07,25386.67,32.56,
2021-03-05,HOLD (not good price),32.22,32.96,27.73,32.75,5,29.98,32.75,27.88,32.68,0.0,320.0,15793.07,26273.07,,
2021-03-08,HOLD,32.71,32.93,27.5,27.52,5,32.75,27.52,30.46,35.7,0.0,320.0,15793.07,24599.47,,
2021-03-09,HOLD (not good price),30.34,33.08,30.0,32.45,5,27.52,32.45,25.59,30.0,0.0,320.0,15793.07,26177.07,,
2021-03-10,HOLD,34.19,34.19,30.62,30.72,5,32.45,30.72,30.18,35.37,0.0,320.0,15793.07,25623.47,,
2021-03-11,HOLD (not good price),33.3,35.04,32.85,34.47,5,30.72,34.47,28.57,33.48,0.0,320.0,15793.07,26823.47,,
2021-03-12,HOLD,32.52,33.59,31.85,33.42,5,34.47,33.42,32.06,37.57,0.0,320.0,15793.07,26487.47,,
2021-03-15,HOLD,33.8,35.63,33.18,35.57,5,33.42,35.57,31.08,36.43,0.0,320.0,15793.07,27175.47,,
2021-03-16,HOLD,36.83,38.59,36.23,36.98,5,35.57,36.98,33.08,38.77,0.0,320.0,15793.07,27626.67,,
2021-03-17,HOLD,35.28,39.15,34.51,38.42,5,36.98,38.42,34.39,40.31,0.0,320.0,15793.07,28087.47,,
2021-03-18,HOLD,36.76,36.92,33.45,33.71,5,38.42,33.71,35.73,41.88,0.0,320.0,15793.07,26580.27,,
2021-03-19,HOLD,34.01,35.65,32.38,34.75,5,33.71,34.75,31.35,36.74,0.0,320.0,15793.07,26913.07,,
2021-03-22,SELL,35.94,38.2,35.62,37.0,5,34.75,37.88,32.32,37.88,160.0,160.0,21853.47,27773.47,,37.88
2021-03-23,BUY,37.37,37.5,33.51,34.03,4,37.0,34.41,34.41,40.33,160.0,320.0,16347.87,27237.47,34.41,
2021-03-24,HOLD,35.63,36.13,32.55,32.59,5,34.03,32.59,31.65,37.09,0.0,320.0,16347.87,26776.67,,
2021-03-25,HOLD,30.93,33.18,30.1,32.81,5,32.59,32.81,30.31,35.52,0.0,320.0,16347.87,26847.07,,
2021-03-26,SELL,32.81,37.74,32.71,37.69,5,32.81,35.76,30.51,35.76,160.0,160.0,22069.93,28100.33,,35.76
2021-03-29,BUY,36.38,36.91,34.5,35.79,4,37.69,35.05,35.05,41.08,160.0,320.0,16461.66,27914.46,35.05,
2021-03-30,HOLD,35.12,35.78,34.28,35.52,5,35.79,35.52,33.28,39.01,0.0,320.0,16461.66,27828.06,,
2021-03-31,SELL,36.43,38.98,36.35,38.21,5,35.52,38.72,33.03,38.72,160.0,160.0,22656.35,28769.95,,38.72
2021-04-01,SELL,40.05,42.44,40.05,42.41,4,38.21,41.65,35.54,41.65,80.0,80.0,25988.26,29381.06,,41.65
2021-04-05,HOLD,44.53,45.3,42.91,45.0,3,42.41,45.0,39.44,46.23,0.0,80.0,25988.26,29588.26,,
2021-04-06,HOLD,44.12,44.97,42.07,43.38,3,45.0,43.38,41.85,49.05,0.0,80.0,25988.26,29458.66,,
2021-04-07,HOLD,43.99,44.0,42.34,43.38,3,43.38,43.38,40.34,47.28,0.0,80.0,25988.26,29458.66,,
2021-04-08,HOLD,44.75,45.0,43.6,44.79,3,43.38,44.79,40.34,47.28,0.0,80.0,25988.26,29571.46,,
2021-04-09,HOLD,43.83,44.5,43.13,44.48,3,44.79,44.48,41.65,48.82,0.0,80.0,25988.26,29546.66,,
2021-04-12,HOLD,43.72,43.79,41.8,43.09,3,44.48,43.09,41.37,48.48,0.0,80.0,25988.26,29435.46,,
2021-04-13,HOLD,44.0,44.13,41.57,42.69,3,43.09,42.69,40.07,46.97,0.0,80.0,25988.26,29403.46,,
2021-04-14,HOLD,42.39,43.47,40.63,41.27,3,42.69,41.27,39.7,46.53,0.0,80.0,25988.26,29289.86,,
2021-04-15,HOLD,42.35,43.66,41.62,43.47,3,41.27,43.47,38.38,44.98,0.0,80.0,25988.26,29465.86,,
2021-04-16,HOLD,43.51,43.64,42.48,42.75,3,43.47,42.75,40.43,47.38,0.0,80.0,25988.26,29408.26,,
2021-04-19,BUY,41.77,42.29,38.25,39.6,3,42.75,39.76,39.76,46.6,80.0,160.0,22807.66,29143.66,39.76,
2021-04-20,HOLD,39.01,39.53,37.04,37.71,4,39.6,37.71,36.83,43.16,0.0,160.0,22807.66,28841.26,,
2021-04-21,HOLD,37.93,40.77,37.34,40.75,4,37.71,40.75,35.07,41.1,0.0,160.0,22807.66,29327.66,,
2021-04-22,BUY,40.37,40.61,37.27,37.98,4,40.75,37.9,37.9,44.42,160.0,320.0,16744.06,28897.66,37.9,
2021-04-23,HOLD,38.32,40.57,38.3,40.15,5,37.98,40.15,35.32,41.4,0.0,320.0,16744.06,29592.06,,
2021-04-26,HOLD,40.09,42.46,40.0,42.21,5,40.15,42.21,37.34,43.76,0.0,320.0,16744.06,30251.26,,
2021-04-27,HOLD,42.78,42.91,40.96,41.34,5,42.21,41.34,39.26,46.01,0.0,320.0,16744.06,29972.86,,
2021-04-28,HOLD,40.68,40.69,39.31,39.42,5,41.34,39.42,38.45,45.06,0.0,320.0,16744.06,29358.46,,
2021-04-29,HOLD,41.2,41.22,38.48,40.31,5,39.42,40.31,36.66,42.97,0.0,320.0,16744.06,29643.26,,
2021-04-30,HOLD,38.35,39.17,36.56,36.9,5,40.31,36.9,37.49,43.94,0.0,320.0,16744.06,28552.06,,
2021-05-03,HOLD,37.72,37.79,35.08,35.61,5,36.9,35.61,34.32,40.22,0.0,320.0,16744.06,28139.26,,
2021-05-04,HOLD,34.41,34.45,32.0,33.97,5,35.61,33.97,33.12,38.81,0.0,320.0,16744.06,27614.46,,
2021-05-05,HOLD,35.07,35.79,33.75,34.55,5,33.97,34.55,31.59,37.03,0.0,320.0,16744.06,27800.06,,
2021-05-06,HOLD,34.2,35.4,33.16,35.4,5,34.55,35.4,32.13,37.66,0.0,320.0,16744.06,28072.06,,
2021-05-07,HOLD,36.51,37.55,35.91,36.93,5,35.4,36.93,32.92,38.59,0.0,320.0,16744.06,28561.66,,
2021-05-10,HOLD,36.0,36.0,31.88,31.93,5,36.93,31.93,34.34,40.25,0.0,320.0,16744.06,26961.66,,
2021-05-11,HOLD,29.02,32.31,28.69,32.11,5,31.93,32.11,29.69,34.8,0.0,320.0,16744.06,27019.26,,
2021-05-12,HOLD,30.1,30.56,27.81,28.13,5,32.11,28.13,29.86,35.0,0.0,320.0,16744.06,25745.66,,
2021-05-13,HOLD,29.53,30.5,28.3,29.33,5,28.13,29.33,26.16,30.66,0.0,320.0,16744.06,26129.66,,
2021-05-14,HOLD (not good price),30.49,32.68,29.58,31.93,5,29.33,31.93,27.28,31.97,0.0,320.0,16744.06,26961.66,,
2021-05-17,HOLD,30.98,31.1,29.43,31.1,5,31.93,31.1,29.69,34.8,0.0,320.0,16744.06,26696.06,,
2021-05-18,HOLD,31.71,32.08,30.22,30.29,5,31.1,30.29,28.92,33.9,0.0,320.0,16744.06,26436.86,,
2021-05-19,HOLD,28.46,32.17,28.22,32.05,5,30.29,32.05,28.17,33.02,0.0,320.0,16744.06,27000.06,,
2021-05-20,HOLD (not good price),32.75,34.98,32.67,34.64,5,32.05,34.64,29.81,34.93,0.0,320.0,16744.06,27828.86,,
2021-05-21,HOLD,35.3,35.34,33.81,34.14,5,34.64,34.14,32.22,37.76,0.0,320.0,16744.06,27668.86,,
2021-05-24,HOLD,35.0,37.14,34.91,36.53,5,34.14,36.53,31.75,37.21,0.0,320.0,16744.06,28433.66,,
2021-05-25,HOLD,37.33,37.75,36.24,36.94,5,36.53,36.94,33.97,39.82,0.0,320.0,16744.06,28564.86,,
2021-05-26,HOLD,37.03,37.68,36.19,37.18,5,36.94,37.18,34.35,40.26,0.0,320.0,16744.06,28641.66,,
2021-05-27,HOLD,36.88,38.26,36.71,37.86,5,37.18,37.86,34.58,40.53,0.0,320.0,16744.06,28859.26,,
2021-05-28,HOLD,38.07,39.27,37.88,38.78,5,37.86,38.78,35.21,41.27,0.0,320.0,16744.06,29153.66,,
2021-06-01,HOLD,39.52,40.54,37.74,38.34,5,38.78,38.34,36.07,42.27,0.0,320.0,16744.06,29012.86,,
2021-06-02,HOLD,38.27,39.58,37.91,39.19,5,38.34,39.19,35.66,41.79,0.0,320.0,16744.06,29284.86,,
2021-06-03,HOLD,37.83,38.28,36.52,37.12,5,39.19,37.12,36.45,42.72,0.0,320.0,16744.06,28622.46,,
2021-06-04,HOLD,38.08,39.99,38.05,39.74,5,37.12,39.74,34.52,40.46,0.0,320.0,16744.06,29460.86,,
2021-06-07,HOLD,39.26,39.44,38.15,38.91,5,39.74,38.91,36.96,43.32,0.0,320.0,16744.06,29195.26,,
2021-06-08,HOLD,39.8,39.97,37.3,38.17,5,38.91,38.17,36.19,42.41,0.0,320.0,16744.06,28958.46,,
2021-06-09,HOLD,38.56,38.89,37.62,37.7,5,38.17,37.7,35.5,41.61,0.0,320.0,16744.06,28808.06,,
2021-06-10,HOLD,37.8,39.37,37.52,39.04,5,37.7,39.04,35.06,41.09,0.0,320.0,16744.06,29236.86,,
2021-06-11,HOLD,39.05,39.49,38.57,39.49,5,39.04,39.49,36.31,42.55,0.0,320.0,16744.06,29380.86,,
2021-06-14,HOLD,39.81,41.17,39.06,41.17,5,39.49,41.17,36.73,43.04,0.0,320.0,16744.06,29918.46,,
2021-06-15,HOLD,40.8,41.6,39.74,40.04,5,41.17,40.04,38.29,44.88,0.0,320.0,16744.06,29556.86,,
2021-06-16,HOLD,40.49,40.89,38.07,39.18,5,40.04,39.18,37.24,43.64,0.0,320.0,16744.06,29281.66,,
2021-06-17,HOLD,38.69,41.17,38.65,40.31,5,39.18,40.31,36.44,42.71,0.0,320.0,16744.06,29643.26,,
2021-06-18,HOLD,39.29,39.58,36.75,37.32,5,40.31,37.32,37.49,43.94,0.0,320.0,16744.06,28686.46,,
2021-06-21,HOLD,37.55,38.16,36.59,38.12,5,37.32,38.12,34.71,40.68,0.0,320.0,16744.06,28942.46,,
2021-06-22,HOLD,37.9,38.83,37.4,38.6,5,38.12,38.6,35.45,41.55,0.0,320.0,16744.06,29096.06,,
2021-06-23,HOLD,38.6,39.63,38.6,39.05,5,38.6,39.05,35.9,42.07,0.0,320.0,16744.06,29240.06,,
2021-06-24,HOLD,39.88,41.23,39.88,41.08,5,39.05,41.08,36.32,42.56,0.0,320.0,16744.06,29889.66,,
2021-06-25,HOLD,41.17,41.69,40.29,40.66,5,41.08,40.66,38.2,44.78,0.0,320.0,16744.06,29755.26,,
2021-06-28,HOLD,41.5,44.08,41.45,43.65,5,40.66,43.65,37.81,44.32,0.0,320.0,16744.06,30712.06,,
2021-06-29,HOLD,43.31,44.69,42.88,44.64,5,43.65,44.64,40.59,47.58,0.0,320.0,16744.06,31028.86,,
2021-06-30,HOLD,44.37,44.73,43.67,44.54,5,44.64,44.54,41.52,48.66,0.0,320.0,16744.06,30996.86,,
2021-07-01,HOLD,44.15,44.37,42.13,42.57,5,44.54,42.57,41.42,48.55,0.0,320.0,16744.06,30366.46,,
2021-07-02,HOLD,43.57,43.7,42.25,43.32,5,42.57,43.32,39.59,46.4,0.0,320.0,16744.06,30606.46,,
2021-07-06,HOLD,43.64,44.14,41.36,43.04,5,43.32,43.04,40.29,47.22,0.0,320.0,16744.06,30516.86,,
2021-07-07,HOLD,43.8,43.91,40.69,41.24,5,43.04,41.24,40.03,46.91,0.0,320.0,16744.06,29940.86,,
2021-07-08,HOLD,38.55,40.38,37.76,39.78,5,41.24,39.78,38.35,44.95,0.0,320.0,16744.06,29473.66,,
2021-07-09,HOLD,40.18,41.94,39.25,41.77,5,39.78,41.77,37.0,43.36,0.0,320.0,16744.06,30110.46,,
2021-07-12,HOLD,42.16,43.33,41.81,43.33,5,41.77,43.33,38.85,45.53,0.0,320.0,16744.06,30609.66,,
2021-07-13,HOLD,42.75,43.32,42.1,42.62,5,43.33,42.62,40.3,47.23,0.0,320.0,16744.06,30382.46,,
2021-07-14,HOLD,43.54,44.79,41.86,42.16,5,42.62,42.16,39.64,46.46,0.0,320.0,16744.06,30235.26,,
2021-07-15,HOLD,41.79,41.8,38.55,39.42,5,42.16,39.42,39.21,45.95,0.0,320.0,16744.06,29358.46,,
2021-07-16,HOLD,40.03,40.45,36.59,36.76,5,39.42,36.76,36.66,42.97,0.0,320.0,16744.06,28507.26,,
2021-07-19,HOLD,35.21,36.93,34.71,36.84,5,36.76,36.84,34.19,40.07,0.0,320.0,16744.06,28532.86,,
2021-07-20,HOLD,37.24,39.08,35.85,38.34,5,36.84,38.34,34.26,40.16,0.0,320.0,16744.06,29012.86,,
2021-07-21,SELL,38.67,41.85,38.6,41.85,5,38.34,41.79,35.66,41.79,160.0,160.0,23430.55,30126.55,,41.79
2021-07-22,HOLD,40.9,41.62,39.9,40.74,4,41.85,40.74,38.92,45.62,0.0,160.0,23430.55,29948.96,,
2021-07-23,HOLD,41.29,41.61,39.95,41.55,4,40.74,41.55,37.89,44.41,0.0,160.0,23430.55,30078.55,,
2021-07-26,HOLD,40.58,41.79,40.58,41.45,4,41.55,41.45,38.64,45.29,0.0,160.0,23430.55,30062.55,,
2021-07-27,BUY,40.8,40.85,36.71,39.15,4,41.45,38.55,38.55,45.18,160.0,320.0,17262.79,29790.8,38.55,
2021-07-28,HOLD,39.54,41.5,39.02,41.18,5,39.15,41.18,36.41,42.67,0.0,320.0,17262.79,30440.39,,
2021-07-29,HOLD,41.23,43.69,41.23,43.45,5,41.18,43.45,38.3,44.89,0.0,320.0,17262.79,31166.79,,
2021-07-30,HOLD,42.19,44.5,42.07,44.39,5,43.45,44.39,40.41,47.36,0.0,320.0,17262.79,31467.59,,
2021-08-02,HOLD,45.19,46.89,44.88,45.21,5,44.39,45.21,41.28,48.39,0.0,320.0,17262.79,31729.99,,
2021-08-03,HOLD,45.29,45.98,43.61,45.97,5,45.21,45.97,42.05,49.28,0.0,320.0,17262.79,31973.19,,
2021-08-04,HOLD,46.16,48.15,46.05,47.61,5,45.97,47.61,42.75,50.11,0.0,320.0,17262.79,32497.99,,
2021-08-05,HOLD,48.17,48.19,46.44,47.17,5,47.61,47.17,44.28,51.89,0.0,320.0,17262.79,32357.19,,
2021-08-06,HOLD,46.33,47.27,46.2,46.63,5,47.17,46.63,43.87,51.42,0.0,320.0,17262.79,32184.39,,
2021-08-09,HOLD,46.9,47.27,45.54,46.15,5,46.63,46.15,43.37,50.83,0.0,320.0,17262.79,32030.8,,
2021-08-10,HOLD,46.37,46.57,43.5,44.45,5,46.15,44.45,42.92,50.3,0.0,320.0,17262.79,31486.79,,
2021-08-11,HOLD,45.06,45.12,42.43,44.17,5,44.45,44.17,41.34,48.45,0.0,320.0,17262.79,31397.19,,
2021-08-12,HOLD,43.44,43.5,41.56,42.62,5,44.17,42.62,41.08,48.15,0.0,320.0,17262.79,30901.19,,
2021-08-13,HOLD,42.5,43.6,42.29,43.48,5,42.62,43.48,39.64,46.46,0.0,320.0,17262.79,31176.39,,
2021-08-16,HOLD,42.91,43.43,41.93,43.01,5,43.48,43.01,40.44,47.39,0.0,320.0,17262.79,31025.99,,
2021-08-17,HOLD,41.93,41.95,39.34,40.46,5,43.01,40.46,40.0,46.88,0.0,320.0,17262.79,30209.99,,
2021-08-18,HOLD,40.29,40.96,38.58,38.66,5,40.46,38.66,37.63,44.1,0.0,320.0,17262.79,29633.99,,
2021-08-19,HOLD,38.18,40.26,37.14,39.63,5,38.66,39.63,35.95,42.14,0.0,320.0,17262.79,29944.39,,
2021-08-20,HOLD,39.96,40.75,39.01,40.43,5,39.63,40.43,36.86,43.2,0.0,320.0,17262.79,30200.39,,
2021-08-23,HOLD,41.4,43.79,41.4,43.69,5,40.43,43.69,37.6,44.07,0.0,320.0,17262.79,31243.59,,
2021-08-24,HOLD,43.98,44.44,43.38,43.73,5,43.69,43.73,40.63,47.62,0.0,320.0,17262.79,31256.39,,
2021-08-25,HOLD,44.18,45.65,44.11,44.78,5,43.73,44.78,40.67,47.67,0.0,320.0,17262.79,31592.39,,
2021-08-26,HOLD,44.52,45.33,43.71,44.68,5,44.78,44.68,41.65,48.81,0.0,320.0,17262.79,31560.39,,
2021-08-27,HOLD,44.85,47.5,44.69,47.3,5,44.68,47.3,41.55,48.7,0.0,320.0,17262.79,32398.79,,
2021-08-30,HOLD,47.78,49.0,47.13,47.74,5,47.3,47.74,43.99,51.56,0.0,320.0,17262.79,32539.6,,
2021-08-31,HOLD,47.77,47.97,45.37,46.55,5,47.74,46.55,44.4,52.04,0.0,320.0,17262.79,32158.79,,
2021-09-01,HOLD,47.23,47.3,45.83,45.96,5,46.55,45.96,43.29,50.74,0.0,320.0,17262.79,31969.99,,
2021-09-02,HOLD,46.35,46.72,45.7,46.3,5,45.96,46.3,42.74,50.1,0.0,320.0,17262.79,32078.79,,
2021-09-03,HOLD,46.14,47.85,45.96,47.24,5,46.3,47.24,43.06,50.47,0.0,320.0,17262.79,32379.6,,
2021-09-07,HOLD,47.36,47.41,45.92,46.77,5,47.24,46.77,43.93,51.49,0.0,320.0,17262.79,32229.19,,
2021-09-08,HOLD,46.1,46.37,43.76,44.95,5,46.77,44.95,43.5,50.98,0.0,320.0,17262.79,31646.79,,
2021-09-09,HOLD,44.91,46.26,44.89,45.55,5,44.95,45.55,41.8,49.0,0.0,320.0,17262.79,31838.79,,
2021-09-10,HOLD,46.64,48.63,46.51,46.59,5,45.55,46.59,42.36,49.65,0.0,320.0,17262.79,32171.59,,
2021-09-13,HOLD,47.8,48.17,45.93,47.87,5,46.59,47.87,43.33,50.78,0.0,320.0,17262.79,32581.19,,
2021-09-14,HOLD,48.4,48.97,47.14,47.87,5,47.87,47.87,44.52,52.18,0.0,320.0,17262.79,32581.19,,
2021-09-15,HOLD,48.06,48.7,46.76,48.59,5,47.87,48.59,44.52,52.18,0.0,320.0,17262.79,32811.59,,
2021-09-16,HOLD,47.74,49.53,47.02,49.07,5,48.59,49.07,45.19,52.96,0.0,320.0,17262.79,32965.19,,
2021-09-17,HOLD,48.64,48.65,45.97,46.75,5,49.07,46.75,45.64,53.49,0.0,320.0,17262.79,32222.79,,
2021-09-20,HOLD,43.75,44.2,41.16,43.3,5,46.75,43.3,43.48,50.96,0.0,320.0,17262.79,31118.79,,
2021-09-21,HOLD,44.04,44.52,42.35,43.6,5,43.3,43.6,40.27,47.2,0.0,320.0,17262.79,31214.79,,
2021-09-22,HOLD,44.46,46.57,44.01,46.26,5,43.6,46.26,40.55,47.52,0.0,320.0,17262.79,32065.99,,
2021-09-23,HOLD,46.89,48.55,46.42,48.1,5,46.26,48.1,43.02,50.42,0.0,320.0,17262.79,32654.79,,
2021-09-24,HOLD,46.86,48.23,46.78,47.95,5,48.1,47.95,44.73,52.43,0.0,320.0,17262.79,32606.79,,
2021-09-27,HOLD,46.52,48.18,45.56,47.69,5,47.95,47.69,44.59,52.27,0.0,320.0,17262.79,32523.59,,
2021-09-28,HOLD,44.9,45.79,42.05,42.23,5,47.69,42.23,44.35,51.98,0.0,320.0,17262.79,30776.39,,
2021-09-29,HOLD,42.56,42.68,39.78,40.12,5,42.23,40.12,39.27,46.03,0.0,320.0,17262.79,30101.19,,
2021-09-30,HOLD,41.06,41.95,40.0,40.04,5,40.12,40.04,37.31,43.73,0.0,320.0,17262.79,30075.59,,
2021-10-01,HOLD,40.5,40.7,38.06,40.07,5,40.04,40.07,37.24,43.64,0.0,320.0,17262.79,30085.19,,
2021-10-04,HOLD,39.31,39.52,36.57,37.02,5,40.07,37.02,37.27,43.68,0.0,320.0,17262.79,29109.19,,
2021-10-05,HOLD,37.6,39.39,37.26,38.65,5,37.02,38.65,34.43,40.35,0.0,320.0,17262.79,29630.8,,
2021-10-06,HOLD,37.32,39.14,36.92,39.06,5,38.65,39.06,35.94,42.13,0.0,320.0,17262.79,29761.99,,
2021-10-07,HOLD,40.53,42.03,40.27,40.39,5,39.06,40.39,36.33,42.58,0.0,320.0,17262.79,30187.59,,
2021-10-08,HOLD,40.9,41.07,39.08,39.33,5,40.39,39.33,37.56,44.03,0.0,320.0,17262.79,29848.4,,
2021-10-11,HOLD,38.76,40.39,38.36,38.38,5,39.33,38.38,36.58,42.87,0.0,320.0,17262.79,29544.39,,
2021-10-12,HOLD,39.21,39.31,36.47,37.05,5,38.38,37.05,35.69,41.83,0.0,320.0,17262.79,29118.79,,
2021-10-13,HOLD,37.7,38.3,37.24,37.65,5,37.05,37.65,34.46,40.38,0.0,320.0,17262.79,29310.8,,
2021-10-14,SELL,39.64,41.08,39.34,41.05,5,37.65,41.04,35.01,41.04,160.0,160.0,23828.95,30396.95,,41.04
2021-10-15,HOLD,42.03,42.29,41.3,41.84,4,41.05,41.84,38.18,44.74,0.0,160.0,23828.95,30523.35,,
2021-10-18,HOLD,41.14,42.97,40.44,42.86,4,41.84,42.86,38.91,45.61,0.0,160.0,23828.95,30686.56,,
2021-10-19,HOLD,43.11,44.48,42.63,44.43,4,42.86,44.43,39.86,46.72,0.0,160.0,23828.95,30937.75,,
2021-10-20,HOLD,44.13,44.73,43.63,44.2,4,44.43,44.2,41.32,48.43,0.0,160.0,23828.95,30900.96,,
2021-10-21,HOLD,43.33,45.72,43.3,45.59,4,44.2,45.59,41.11,48.18,0.0,160.0,23828.95,31123.35,,
2021-10-22,HOLD,44.84,46.23,43.77,44.05,4,45.59,44.05,42.4,49.69,0.0,160.0,23828.95,30876.95,,
2021-10-25,HOLD,44.6,45.67,44.16,45.06,4,44.05,45.06,40.97,48.01,0.0,160.0,23828.95,31038.56,,
2021-10-26,HOLD,46.02,46.45,44.54,44.96,4,45.06,44.96,41.91,49.12,0.0,160.0,23828.95,31022.55,,
2021-10-27,HOLD,44.23,45.61,43.56,44.09,4,44.96,44.09,41.81,49.01,0.0,160.0,23828.95,30883.35,,
2021-10-28,HOLD,45.84,47.1,45.57,47.0,4,44.09,47.0,41.0,48.06,0.0,160.0,23828.95,31348.95,,
2021-10-29,HOLD,45.97,47.65,45.62,47.65,4,47.0,47.65,43.71,51.23,0.0,160.0,23828.95,31452.96,,
2021-11-01,HOLD,47.79,49.96,47.45,49.96,4,47.65,49.96,44.31,51.94,0.0,160.0,23828.95,31822.55,,
2021-11-02,HOLD,49.82,51.82,49.81,51.82,4,49.96,51.82,46.46,54.46,0.0,160.0,23828.95,32120.15,,
2021-11-03,HOLD,52.07,53.81,51.42,53.67,4,51.82,53.67,48.19,56.48,0.0,160.0,23828.95,32416.15,,
2021-11-04,SELL,55.42,59.83,54.57,59.08,4,53.67,58.5,49.91,58.5,80.0,80.0,28508.98,33235.38,,58.5
2021-11-05,HOLD,60.04,62.4,59.21,60.91,3,59.08,60.91,54.94,64.4,0.0,80.0,28508.98,33381.78,,
2021-11-08,HOLD,62.1,64.71,61.49,63.54,3,60.91,63.54,56.65,66.39,0.0,80.0,28508.98,33592.18,,
2021-11-09,HOLD,65.27,65.63,61.41,63.4,3,63.54,63.4,59.09,69.26,0.0,80.0,28508.98,33580.98,,
2021-11-10,BUY,60.05,62.5,57.07,57.95,3,63.4,58.96,58.96,69.11,80.0,160.0,23792.02,33064.02,58.96,
2021-11-11,HOLD,60.72,61.99,59.37,61.64,4,57.95,61.64,53.89,63.17,0.0,160.0,23792.02,33654.42,,
2021-11-12,HOLD,62.22,64.25,61.17,63.35,4,61.64,63.35,57.33,67.19,0.0,160.0,23792.02,33928.02,,
2021-11-15,HOLD,64.73,64.74,61.26,63.2,4,63.35,63.2,58.92,69.05,0.0,160.0,23792.02,33904.02,,
2021-11-16,HOLD,62.38,66.43,62.01,66.15,4,63.2,66.15,58.78,68.89,0.0,160.0,23792.02,34376.02,,
2021-11-17,HOLD,66.0,66.13,63.7,64.52,4,66.15,64.52,61.52,72.1,0.0,160.0,23792.02,34115.22,,
2021-11-18,HOLD,67.87,68.9,66.03,67.98,4,64.52,67.98,60.0,70.33,0.0,160.0,23792.02,34668.82,,
2021-11-19,HOLD,67.86,69.87,66.88,68.61,4,67.98,68.61,63.22,74.1,0.0,160.0,23792.02,34769.62,,
2021-11-22,HOLD,69.54,72.49,65.23,65.43,4,68.61,65.43,63.81,74.78,0.0,160.0,23792.02,34260.82,,
2021-11-23,HOLD,64.83,66.61,61.35,64.74,4,65.43,64.74,60.85,71.32,0.0,160.0,23792.02,34150.42,,
2021-11-24,HOLD,62.99,66.9,61.21,66.88,4,64.74,66.88,60.21,70.57,0.0,160.0,23792.02,34492.82,,
2021-11-26,BUY,63.1,64.98,59.85,61.37,4,66.88,62.2,62.2,72.9,160.0,320.0,13840.28,33478.67,62.2,
2021-11-29,SELL,63.95,68.68,63.22,68.41,5,61.37,66.89,57.07,66.89,160.0,160.0,24543.2,35488.8,,66.89
2021-11-30,BUY,67.28,69.34,62.89,64.67,4,68.41,63.62,63.62,74.57,160.0,320.0,14363.79,35058.19,63.62,
2021-12-01,SELL,67.54,70.96,63.05,63.16,5,64.67,70.49,60.14,70.49,160.0,160.0,25642.24,35747.84,,70.49
2021-12-02,HOLD,61.26,64.74,59.68,63.25,4,63.16,63.25,58.74,68.84,0.0,160.0,25642.24,35762.24,,
2021-12-03,HOLD,65.9,67.95,60.7,62.93,4,63.25,62.93,58.82,68.94,0.0,160.0,25642.24,35711.04,,
2021-12-06,BUY,62.06,63.29,56.78,62.6,4,62.93,58.52,58.52,68.59,160.0,320.0,16278.26,36310.26,58.52,
2021-12-07,SELL,66.76,72.52,66.72,71.99,5,62.6,68.23,58.22,68.23,160.0,160.0,27195.7,38714.1,,68.23
2021-12-08,HOLD,70.93,71.2,68.49,70.69,4,71.99,70.69,66.95,78.47,0.0,160.0,27195.7,38506.1,,
2021-12-09,BUY,69.43,71.59,65.66,65.9,4,70.69,65.74,65.74,77.05,160.0,320.0,16677.03,37765.03,65.74,
2021-12-10,HOLD,69.46,70.45,65.17,67.6,5,65.9,67.6,61.29,71.83,0.0,320.0,16677.03,38309.02,,
2021-12-13,HOLD,68.02,68.71,62.0,62.34,5,67.6,62.34,62.87,73.68,0.0,320.0,16677.03,36625.83,,
2021-12-14,HOLD,60.0,62.37,58.94,61.52,5,62.34,61.52,57.98,67.95,0.0,320.0,16677.03,36363.43,,
2021-12-15,SELL,61.84,68.34,59.24,68.12,5,61.52,67.06,57.21,67.06,160.0,160.0,27406.11,38305.31,,67.06
2021-12-16,BUY,69.01,69.5,58.02,59.23,4,68.12,63.35,63.35,74.25,160.0,320.0,17269.86,36223.46,63.35,
2021-12-17,HOLD,57.34,61.58,56.86,58.96,5,59.23,58.96,55.08,64.56,0.0,320.0,17269.86,36137.06,,
2021-12-20,HOLD,56.14,58.76,55.47,57.55,5,58.96,57.55,54.83,64.27,0.0,320.0,17269.86,35685.86,,
2021-12-21,HOLD (not good price),61.17,63.69,58.77,63.5,5,57.55,63.5,53.52,62.73,0.0,320.0,17269.86,37589.86,,
2021-12-22,HOLD,62.47,65.53,61.61,65.38,5,63.5,65.38,59.05,69.22,0.0,320.0,17269.86,38191.46,,
2021-12-23,HOLD,66.0,68.75,65.92,67.41,5,65.38,67.41,60.8,71.26,0.0,320.0,17269.86,38841.06,,
2021-12-27,HOLD,68.1,73.0,68.0,72.99,5,67.41,72.99,62.69,73.48,0.0,320.0,17269.86,40626.66,,
2021-12-28,HOLD,74.07,74.07,69.57,70.52,5,72.99,70.52,67.88,79.56,0.0,320.0,17269.86,39836.26,,
2021-12-29,HOLD,70.42,72.23,69.6,71.0,5,70.52,71.0,65.58,76.87,0.0,320.0,17269.86,39989.86,,
2021-12-30,HOLD,70.5,71.34,67.89,68.36,5,71.0,68.36,66.03,77.39,0.0,320.0,17269.86,39145.06,,
2021-12-31,HOLD,68.7,70.1,67.83,68.01,5,68.36,68.01,63.57,74.51,0.0,320.0,17269.86,39033.06,,
2022-01-03,HOLD,69.05,72.11,68.39,72.1,5,68.01,72.1,63.25,74.13,0.0,320.0,17269.86,40341.86,,
2022-01-04,HOLD,72.58,74.21,66.04,71.07,5,72.1,71.07,67.05,78.59,0.0,320.0,17269.86,40012.26,,
2022-01-05,HOLD,69.59,71.42,63.94,64.01,5,71.07,64.01,66.1,77.47,0.0,320.0,17269.86,37753.06,,
2022-01-06,HOLD,64.09,66.39,61.85,65.54,5,64.01,65.54,59.53,69.77,0.0,320.0,17269.86,38242.66,,
2022-01-07,HOLD,65.08,66.05,59.14,59.74,5,65.54,59.74,60.95,71.44,0.0,320.0,17269.86,36386.66,,
2022-01-10,HOLD,57.34,60.19,53.82,60.0,5,59.74,60.0,55.56,65.12,0.0,320.0,17269.86,36469.86,,
2022-01-11,HOLD,59.09,63.44,57.88,63.29,5,60.0,63.29,55.8,65.4,0.0,320.0,17269.86,37522.66,,
2022-01-12,HOLD,64.99,66.4,62.64,64.58,5,63.29,64.58,58.86,68.99,0.0,320.0,17269.86,37935.46,,
2022-01-13,HOLD,67.5,69.18,59.58,60.2,5,64.58,60.2,60.06,70.39,0.0,320.0,17269.86,36533.86,,
2022-01-14,HOLD,58.76,64.54,58.56,64.48,5,60.2,64.48,55.99,65.62,0.0,320.0,17269.86,37903.46,,
2022-01-18,HOLD,60.91,61.38,55.5,55.98,5,64.48,55.98,59.97,70.28,0.0,320.0,17269.86,35183.46,,
2022-01-19,HOLD,57.48,58.16,50.73,50.82,5,55.98,50.82,52.06,61.02,0.0,320.0,17269.86,33532.26,,
2022-01-20,HOLD,52.12,53.2,45.81,45.99,5,50.82,45.99,47.26,55.39,0.0,320.0,17269.86,31986.66,,
2022-01-21,HOLD,45.22,48.93,43.4,43.71,5,45.99,43.71,42.77,50.13,0.0,320.0,17269.86,31257.06,,
2022-01-24,HOLD,41.0,45.48,36.62,45.45,5,43.71,45.45,40.65,47.64,0.0,320.0,17269.86,31813.86,,
2022-01-25,HOLD,41.77,43.35,39.38,40.19,5,45.45,40.19,42.27,49.54,0.0,320.0,17269.86,30130.66,,
2022-01-26,HOLD (not good price),43.78,47.1,40.1,42.12,5,40.19,42.12,37.38,43.81,0.0,320.0,17269.86,30748.26,,
2022-01-27,HOLD,43.4,43.45,36.0,36.36,5,42.12,36.36,39.17,45.91,0.0,320.0,17269.86,28905.06,,
2022-01-28,HOLD,36.37,38.41,33.1,38.41,5,36.36,38.41,33.81,39.63,0.0,320.0,17269.86,29561.06,,
2022-01-31,HOLD (not good price),38.99,44.75,38.3,44.58,5,38.41,44.58,35.72,41.87,0.0,320.0,17269.86,31535.46,,
2022-02-01,HOLD,45.89,46.1,42.29,45.91,5,44.58,45.91,41.46,48.59,0.0,320.0,17269.86,31961.06,,
2022-02-02,HOLD,48.47,49.5,46.46,49.34,5,45.91,49.34,42.7,50.04,0.0,320.0,17269.86,33058.66,,
2022-02-03,HOLD,45.58,47.8,42.15,42.63,5,49.34,42.63,45.89,53.78,0.0,320.0,17269.86,30911.46,,
2022-02-04,HOLD,42.08,44.52,40.37,43.46,5,42.63,43.46,39.65,46.47,0.0,320.0,17269.86,31177.06,,
2022-02-07,HOLD,43.64,45.52,42.86,43.41,5,43.46,43.41,40.42,47.37,0.0,320.0,17269.86,31161.06,,
2022-02-08,HOLD,42.75,46.88,42.54,46.6,5,43.41,46.6,40.37,47.32,0.0,320.0,17269.86,32181.86,,
2022-02-09,HOLD (not good price),48.43,51.23,46.71,51.02,5,46.6,51.02,43.34,50.79,0.0,320.0,17269.86,33596.26,,
2022-02-10,HOLD,47.58,52.21,45.58,46.42,5,51.02,46.42,47.45,55.61,0.0,320.0,17269.86,32124.26,,
2022-02-11,HOLD,46.56,47.65,38.42,39.54,5,46.42,39.54,43.17,50.6,0.0,320.0,17269.86,29922.66,,
2022-02-14,HOLD,39.75,41.85,37.86,39.59,5,39.54,39.59,36.77,43.1,0.0,320.0,17269.86,29938.66,,
2022-02-15,HOLD (not good price),41.9,46.29,41.67,46.01,5,39.59,46.01,36.82,43.15,0.0,320.0,17269.86,31993.06,,
2022-02-16,HOLD,44.07,46.5,43.04,46.1,5,46.01,46.1,42.79,50.15,0.0,320.0,17269.86,32021.86,,
2022-02-17,HOLD,44.12,44.39,40.67,40.87,5,46.1,40.87,42.87,50.25,0.0,320.0,17269.86,30348.26,,
2022-02-18,HOLD,41.14,41.35,37.77,39.63,5,40.87,39.63,38.01,44.55,0.0,320.0,17269.86,29951.46,,
2022-02-22,HOLD,38.23,41.56,36.83,38.61,5,39.63,38.61,36.86,43.2,0.0,320.0,17269.86,29625.06,,
2022-02-23,HOLD,40.07,41.3,35.63,35.91,5,38.61,35.91,35.91,42.08,0.0,320.0,17269.86,28761.06,,
2022-02-24,HOLD (not good price),31.81,40.05,31.55,39.94,5,35.91,39.94,33.4,39.14,0.0,320.0,17269.86,30050.66,,
2022-02-25,HOLD,40.0,41.84,38.16,41.78,5,39.94,41.78,37.14,43.53,0.0,320.0,17269.86,30639.46,,
2022-02-28,HOLD,40.2,42.23,38.56,41.01,5,41.78,41.01,38.86,45.54,0.0,320.0,17269.86,30393.06,,
2022-03-01,HOLD,40.78,41.3,35.35,36.58,5,41.01,36.58,38.14,44.7,0.0,320.0,17269.86,28975.46,,
2022-03-02,HOLD (not good price),37.47,40.88,37.23,40.12,5,36.58,40.12,34.02,39.87,0.0,320.0,17269.86,30108.26,,
2022-03-03,HOLD,40.65,40.87,36.82,37.55,5,40.12,37.55,37.31,43.73,0.0,320.0,17269.86,29285.86,,
2022-03-04,HOLD,36.63,37.42,33.36,34.77,5,37.55,34.77,34.92,40.93,0.0,320.0,17269.86,28396.26,,
2022-03-07,HOLD,34.82,35.6,29.5,29.58,5,34.77,29.58,32.34,37.9,0.0,320.0,17269.86,26735.46,,
2022-03-08,HOLD (not good price),29.67,34.34,28.48,31.16,5,29.58,31.16,27.51,32.24,0.0,320.0,17269.86,27241.06,,
2022-03-09,HOLD (not good price),34.12,35.66,33.07,34.93,5,31.16,34.93,28.98,33.96,0.0,320.0,17269.86,28447.46,,
2022-03-10,HOLD,33.07,33.2,30.8,32.75,5,34.93,32.75,32.48,38.07,0.0,320.0,17269.86,27749.86,,
2022-03-11,HOLD,34.16,34.42,30.5,30.69,5,32.75,30.69,30.46,35.7,0.0,320.0,17269.86,27090.66,,
2022-03-14,HOLD,30.01,30.85,27.3,27.91,5,30.69,27.91,28.54,33.45,0.0,320.0,17269.86,26201.06,,
2022-03-15,HOLD (not good price),28.45,31.72,28.01,31.51,5,27.91,31.51,25.96,30.42,0.0,320.0,17269.86,27353.06,,
2022-03-16,HOLD (not good price),33.04,36.4,32.06,36.3,5,31.51,36.3,29.3,34.35,0.0,320.0,17269.86,28885.86,,
2022-03-17,HOLD,35.25,37.0,34.32,36.95,5,36.3,36.95,33.76,39.57,0.0,320.0,17269.86,29093.86,,
2022-03-18,HOLD,36.61,39.67,35.6,39.17,5,36.95,39.17,34.36,40.28,0.0,320.0,17269.86,29804.26,,
2022-03-21,HOLD,38.7,39.97,36.88,39.0,5,39.17,39.0,36.43,42.7,0.0,320.0,17269.86,29749.86,,
2022-03-22,HOLD,38.79,41.02,38.63,39.59,5,39.0,39.59,36.27,42.51,0.0,320.0,17269.86,29938.66,,
2022-03-23,HOLD,38.51,39.99,36.59,36.69,5,39.59,36.69,36.82,43.15,0.0,320.0,17269.86,29010.66,,
2022-03-24,HOLD (not good price),37.82,42.25,37.3,42.09,5,36.69,42.09,34.12,39.99,0.0,320.0,17269.86,30738.66,,
2022-03-25,HOLD,42.07,42.37,39.75,42.01,5,42.09,42.01,39.14,45.88,0.0,320.0,17269.86,30713.06,,
2022-03-28,HOLD,41.2,42.81,39.32,42.71,5,42.01,42.71,39.07,45.79,0.0,320.0,17269.86,30937.06,,
2022-03-29,HOLD,44.84,46.0,43.11,45.58,5,42.71,45.58,39.72,46.55,0.0,320.0,17269.86,31855.46,,
2022-03-30,HOLD,44.71,45.2,40.68,41.35,5,45.58,41.35,42.39,49.68,0.0,320.0,17269.86,30501.86,,
2022-03-31,HOLD,41.26,41.84,38.42,38.78,5,41.35,38.78,38.46,45.07,0.0,320.0,17269.86,29679.46,,
2022-04-01,HOLD,39.07,39.33,34.62,36.29,5,38.78,36.29,36.07,42.27,0.0,320.0,17269.86,28882.66,,
2022-04-04,HOLD,36.58,38.22,36.17,37.96,5,36.29,37.96,33.75,39.56,0.0,320.0,17269.86,29417.06,,
2022-04-05,HOLD,37.09,37.24,32.53,32.88,5,37.96,32.88,35.3,41.38,0.0,320.0,17269.86,27791.46,,
2022-04-06,HOLD,30.85,32.1,29.56,30.51,5,32.88,30.51,30.58,35.84,0.0,320.0,17269.86,27033.06,,
2022-04-07,HOLD,30.25,31.42,28.66,30.51,5,30.51,30.51,28.37,33.26,0.0,320.0,17269.86,27033.06,,
2022-04-08,HOLD,29.86,29.96,28.15,28.29,5,30.51,28.29,28.37,33.26,0.0,320.0,17269.86,26322.66,,
2022-04-11,HOLD,27.04,27.71,26.34,26.49,5,28.29,26.49,26.31,30.84,0.0,320.0,17269.86,25746.66,,
2022-04-12,HOLD,28.04,28.84,25.86,26.24,5,26.49,26.24,24.64,28.87,0.0,320.0,17269.86,25666.66,,
2022-04-13,HOLD,26.77,28.54,26.31,28.03,5,26.24,28.03,24.4,28.6,0.0,320.0,17269.86,26239.46,,
2022-04-14,HOLD,28.55,28.62,25.54,25.61,5,28.03,25.61,26.07,30.55,0.0,320.0,17269.86,25465.06,,
2022-04-18,HOLD,25.26,27.67,25.16,26.98,5,25.61,26.98,23.82,27.91,0.0,320.0,17269.86,25903.46,,
2022-04-19,HOLD,26.68,28.89,26.22,28.75,5,26.98,28.75,25.09,29.41,0.0,320.0,17269.86,26469.86,,
2022-04-20,HOLD,30.07,30.85,28.24,28.5,5,28.75,28.5,26.74,31.34,0.0,320.0,17269.86,26389.86,,
2022-04-21,HOLD,29.6,30.57,25.81,26.21,5,28.5,26.21,26.5,31.07,0.0,320.0,17269.86,25657.06,,
2022-04-22,HOLD,26.1,26.56,24.37,24.45,5,26.21,24.45,24.38,28.57,0.0,320.0,17269.86,25093.86,,
2022-04-25,HOLD,23.89,25.76,23.68,25.67,5,24.45,25.67,22.74,26.65,0.0,320.0,17269.86,25484.26,,
2022-04-26,HOLD,24.71,24.9,22.35,22.43,5,25.67,22.43,23.87,27.98,0.0,320.0,17269.86,24447.46,,
2022-04-27,HOLD,21.62,23.59,21.48,21.95,5,22.43,21.95,20.86,24.45,0.0,320.0,17269.86,24293.86,,
2022-04-28,HOLD (not good price),23.2,26.3,22.4,25.58,5,21.95,25.58,20.41,23.93,0.0,320.0,17269.86,25455.46,,
2022-04-29,HOLD,24.3,25.95,22.1,22.24,5,25.58,22.24,23.79,27.88,0.0,320.0,17269.86,24386.66,,
2022-05-02,HOLD (not good price),22.38,24.55,21.81,24.5,5,22.24,24.5,20.68,24.24,0.0,320.0,17269.86,25109.86,,
2022-05-03,HOLD,24.33,25.68,23.75,25.11,5,24.5,25.11,22.79,26.71,0.0,320.0,17269.86,25305.06,,
2022-05-04,HOLD (not good price),25.69,28.14,23.3,28.02,5,25.11,28.02,23.35,27.37,0.0,320.0,17269.86,26236.26,,
2022-05-05,HOLD,26.53,26.62,22.75,23.99,5,28.02,23.99,26.06,30.54,0.0,320.0,17269.86,24946.66,,
2022-05-06,HOLD,23.24,24.87,21.94,23.35,5,23.99,23.35,22.31,26.15,0.0,320.0,17269.86,24741.86,,
2022-05-09,HOLD,21.82,22.6,19.32,19.72,5,23.35,19.72,21.72,25.45,0.0,320.0,17269.86,23580.26,,
2022-05-10,HOLD (not good price),21.45,22.15,19.72,21.09,5,19.72,21.09,18.34,21.49,0.0,320.0,17269.86,24018.66,,
2022-05-11,HOLD,20.53,22.0,18.97,19.15,5,21.09,19.15,19.61,22.99,0.0,320.0,17269.86,23397.86,,
2022-05-12,HOLD,18.51,19.99,17.96,19.41,5,19.15,19.41,17.81,20.87,0.0,320.0,17269.86,23481.06,,
2022-05-13,HOLD (not good price),20.57,22.91,20.18,22.49,5,19.41,22.49,18.05,21.16,0.0,320.0,17269.86,24466.66,,
2022-05-16,HOLD,21.86,22.51,21.2,21.37,5,22.49,21.37,20.92,24.51,0.0,320.0,17269.86,24108.26,,
2022-05-17,HOLD (not good price),23.08,24.74,22.84,24.58,5,21.37,24.58,19.87,23.29,0.0,320.0,17269.86,25135.46,,
2022-05-18,HOLD,23.4,24.35,20.53,20.85,5,24.58,20.85,22.86,26.79,0.0,320.0,17269.86,23941.86,,
2022-05-19,HOLD,20.55,22.04,19.9,20.51,5,20.85,20.51,19.39,22.73,0.0,320.0,17269.86,23833.06,,
2022-05-20,HOLD,21.54,21.65,17.66,20.36,5,20.51,20.36,19.07,22.36,0.0,320.0,17269.86,23785.06,,
2022-05-23,HOLD,19.93,20.83,19.45,20.63,5,20.36,20.63,18.93,22.19,0.0,320.0,17269.86,23871.46,,
2022-05-24,HOLD,19.69,19.88,18.44,19.1,5,20.63,19.1,19.19,22.49,0.0,320.0,17269.86,23381.86,,
2022-05-25,HOLD,18.73,20.72,18.72,20.19,5,19.1,20.19,17.76,20.82,0.0,320.0,17269.86,23730.66,,
2022-05-26,HOLD (not good price),19.61,22.83,19.48,22.54,5,20.19,22.54,18.78,22.01,0.0,320.0,17269.86,24482.66,,
2022-05-27,HOLD (not good price),23.6,25.44,23.59,25.26,5,22.54,25.26,20.96,24.57,0.0,320.0,17269.86,25353.06,,
2022-05-31,HOLD,25.14,25.6,23.75,24.86,5,25.26,24.86,23.49,27.53,0.0,320.0,17269.86,25225.06,,
2022-06-01,HOLD,25.34,25.72,22.71,23.71,5,24.86,23.71,23.12,27.1,0.0,320.0,17269.86,24857.06,,
2022-06-02,HOLD (not good price),23.4,26.28,23.3,26.2,5,23.71,26.2,22.05,25.84,0.0,320.0,17269.86,25653.86,,
2022-06-03,HOLD,24.55,24.95,23.5,23.93,5,26.2,23.93,24.37,28.56,0.0,320.0,17269.86,24927.46,,
2022-06-06,HOLD,25.25,25.58,23.48,23.91,5,23.93,23.91,22.25,26.08,0.0,320.0,17269.86,24921.06,,
2022-06-07,HOLD,23.02,24.74,22.54,24.6,5,23.91,24.6,22.24,26.06,0.0,320.0,17269.86,25141.86,,
2022-06-08,HOLD,24.16,24.46,22.42,22.91,5,24.6,22.91,22.88,26.81,0.0,320.0,17269.86,24601.06,,
2022-06-09,HOLD,22.39,23.56,21.03,21.09,5,22.91,21.09,21.31,24.97,0.0,320.0,17269.86,24018.66,,
2022-06-10,HOLD,19.98,20.51,18.66,18.81,5,21.09,18.81,19.61,22.99,0.0,320.0,17269.86,23289.06,,
2022-06-13,HOLD,16.93,17.41,15.34,15.55,5,18.81,15.55,17.49,20.5,0.0,320.0,17269.86,22245.86,,
2022-06-14,HOLD,16.01,16.22,15.21,15.76,5,15.55,15.76,14.46,16.95,0.0,320.0,17269.86,22313.06,,
2022-06-15,HOLD (not good price),16.35,17.43,15.47,16.61,5,15.76,16.61,14.66,17.18,0.0,320.0,17269.86,22585.06,,
2022-06-16,HOLD,15.14,15.19,12.99,13.57,5,16.61,13.57,15.45,18.1,0.0,320.0,17269.86,21612.26,,
2022-06-17,HOLD,13.65,14.02,12.78,13.7,5,13.57,13.7,12.62,14.79,0.0,320.0,17269.86,21653.86,,
2022-06-21,HOLD (not good price),14.54,15.43,14.49,14.8,5,13.7,14.8,12.74,14.93,0.0,320.0,17269.86,22005.86,,
2022-06-22,HOLD,14.04,14.97,13.94,14.29,5,14.8,14.29,13.76,16.13,0.0,320.0,17269.86,21842.66,,
2022-06-23,HOLD,14.58,14.59,13.34,14.01,5,14.29,14.01,13.29,15.58,0.0,320.0,17269.86,21753.06,,
2022-06-24,HOLD (not good price),14.64,15.85,14.57,15.81,5,14.01,15.81,13.03,15.27,0.0,320.0,17269.86,22329.06,,
2022-06-27,HOLD,16.31,16.46,15.37,15.8,5,15.81,15.8,14.7,17.23,0.0,320.0,17269.86,22325.86,,
2022-06-28,HOLD,16.0,16.58,14.52,14.56,5,15.8,14.56,14.69,17.22,0.0,320.0,17269.86,21929.06,,
2022-06-29,HOLD,14.0,14.04,13.03,13.55,5,14.56,13.55,13.54,15.87,0.0,320.0,17269.86,21605.86,,
2022-06-30,HOLD,13.03,13.83,12.38,13.1,5,13.55,13.1,12.6,14.77,0.0,320.0,17269.86,21461.86,,
2022-07-01,HOLD,12.49,12.6,11.13,11.6,5,13.1,11.6,12.18,14.28,0.0,320.0,17269.86,20981.86,,
2022-07-05,HOLD,10.74,11.9,10.53,11.85,5,11.6,11.85,10.79,12.64,0.0,320.0,17269.86,21061.86,,
2022-07-06,HOLD,11.92,12.5,11.52,12.09,5,11.85,12.09,11.02,12.92,0.0,320.0,17269.86,21138.66,,
2022-07-07,HOLD (not good price),12.91,13.89,12.91,13.71,5,12.09,13.71,11.24,13.18,0.0,320.0,17269.86,21657.06,,
2022-07-08,HOLD,13.13,14.17,12.96,13.91,5,13.71,13.91,12.75,14.94,0.0,320.0,17269.86,21721.06,,
2022-07-11,HOLD,13.25,13.45,12.65,12.91,5,13.91,12.91,12.94,15.16,0.0,320.0,17269.86,21401.06,,
2022-07-12,HOLD,13.18,13.45,12.72,12.97,5,12.91,12.97,12.01,14.07,0.0,320.0,17269.86,21420.26,,
2022-07-13,HOLD,12.18,13.56,12.13,13.29,5,12.97,13.29,12.06,14.14,0.0,320.0,17269.86,21522.66,,
2022-07-14,HOLD,13.17,14.26,12.54,14.07,5,13.29,14.07,12.36,14.49,0.0,320.0,17269.86,21772.26,,
2022-07-15,HOLD,14.75,15.15,14.04,15.11,5,14.07,15.11,13.09,15.34,0.0,320.0,17269.86,22105.06,,
2022-07-18,HOLD,15.83,16.18,14.63,14.92,5,15.11,14.92,14.05,16.47,0.0,320.0,17269.86,22044.26,,
2022-07-19,HOLD (not good price),15.61,17.17,15.5,16.95,5,14.92,16.95,13.88,16.26,0.0,320.0,17269.86,22693.86,,
2022-07-20,HOLD,16.83,18.44,16.5,18.2,5,16.95,18.2,15.76,18.48,0.0,320.0,17269.86,23093.86,,
2022-07-21,HOLD,18.52,19.12,17.68,19.1,5,18.2,19.1,16.93,19.84,0.0,320.0,17269.86,23381.86,,
2022-07-22,HOLD,18.84,18.91,17.15,17.65,5,19.1,17.65,17.76,20.82,0.0,320.0,17269.86,22917.86,,
2022-07-25,HOLD,17.23,17.37,16.43,17.3,5,17.65,17.3,16.41,19.24,0.0,320.0,17269.86,22805.86,,
2022-07-26,HOLD,16.93,17.24,16.25,16.43,5,17.3,16.43,16.09,18.86,0.0,320.0,17269.86,22527.46,,
2022-07-27,HOLD (not good price),17.32,19.12,17.17,18.73,5,16.43,18.73,15.28,17.91,0.0,320.0,17269.86,23263.46,,
2022-07-28,HOLD,18.86,19.52,17.58,19.37,5,18.73,19.37,17.42,20.42,0.0,320.0,17269.86,23468.26,,
2022-07-29,HOLD,18.57,19.99,18.32,19.83,5,19.37,19.83,18.01,21.11,0.0,320.0,17269.86,23615.46,,
2022-08-01,HOLD,19.41,20.61,19.03,20.01,5,19.83,20.01,18.44,21.61,0.0,320.0,17269.86,23673.06,,
2022-08-02,HOLD,19.43,20.87,19.11,19.92,5,20.01,19.92,18.61,21.81,0.0,320.0,17269.86,23644.26,,
2022-08-03,HOLD (not good price),19.98,21.72,19.87,21.55,5,19.92,21.55,18.53,21.71,0.0,320.0,17269.86,24165.86,,
2022-08-04,HOLD,21.47,22.27,21.22,22.07,5,21.55,22.07,20.04,23.49,0.0,320.0,17269.86,24332.26,,
2022-08-05,HOLD,20.96,22.12,20.57,21.56,5,22.07,21.56,20.53,24.06,0.0,320.0,17269.86,24169.06,,
2022-08-08,HOLD,20.65,21.39,19.57,20.54,5,21.56,20.54,20.05,23.5,0.0,320.0,17269.86,23842.66,,
2022-08-09,HOLD,19.23,19.23,16.91,17.69,5,20.54,17.69,19.1,22.39,0.0,320.0,17269.86,22930.66,,
2022-08-10,HOLD (not good price),19.08,20.02,18.39,19.91,5,17.69,19.91,16.45,19.28,0.0,320.0,17269.86,23641.06,,
2022-08-11,HOLD,20.47,21.6,19.68,19.78,5,19.91,19.78,18.52,21.7,0.0,320.0,17269.86,23599.46,,
2022-08-12,HOLD (not good price),20.24,21.72,19.98,21.6,5,19.78,21.6,18.4,21.56,0.0,320.0,17269.86,24181.86,,
2022-08-15,HOLD,21.24,21.97,20.8,21.78,5,21.6,21.78,20.09,23.54,0.0,320.0,17269.86,24239.46,,
2022-08-16,HOLD,21.48,21.74,20.39,21.14,5,21.78,21.14,20.26,23.74,0.0,320.0,17269.86,24034.66,,
2022-08-17,HOLD,20.18,20.2,18.71,19.55,5,21.14,19.55,19.66,23.04,0.0,320.0,17269.86,23525.86,,
2022-08-18,HOLD (not good price),19.72,21.36,19.5,20.89,5,19.55,20.89,18.18,21.31,0.0,320.0,17269.86,23954.66,,
2022-08-19,HOLD,20.06,20.38,18.89,19.17,5,20.89,19.17,19.43,22.77,0.0,320.0,17269.86,23404.26,,
2022-08-22,HOLD,18.1,18.15,16.77,17.04,5,19.17,17.04,17.83,20.9,0.0,320.0,17269.86,22722.66,,
2022-08-23,HOLD,17.08,18.06,17.01,17.33,5,17.04,17.33,15.85,18.57,0.0,320.0,17269.86,22815.46,,
2022-08-24,HOLD,17.25,17.59,16.77,17.41,5,17.33,17.41,16.12,18.89,0.0,320.0,17269.86,22841.06,,
2022-08-25,HOLD (not good price),17.46,19.38,17.42,19.32,5,17.41,19.32,16.19,18.98,0.0,320.0,17269.86,23452.26,,
2022-08-26,HOLD,19.25,19.33,15.95,15.98,5,19.32,15.98,17.97,21.06,0.0,320.0,17269.86,22383.46,,
2022-08-29,HOLD,15.48,16.05,14.95,15.05,5,15.98,15.05,14.86,17.42,0.0,320.0,17269.86,22085.86,,
2022-08-30,HOLD,15.5,15.57,13.96,14.47,5,15.05,14.47,14.0,16.4,0.0,320.0,17269.86,21900.26,,
2022-08-31,HOLD,14.69,14.7,13.66,14.04,5,14.47,14.04,13.46,15.77,0.0,320.0,17269.86,21762.66,,
2022-09-01,HOLD,13.03,13.26,11.97,13.22,5,14.04,13.22,13.06,15.3,0.0,320.0,17269.86,21500.26,,
2022-09-02,HOLD,13.84,14.14,12.63,12.86,5,13.22,12.86,12.29,14.41,0.0,320.0,17269.86,21385.06,,
2022-09-06,HOLD,12.91,13.03,12.07,12.42,5,12.86,12.42,11.96,14.02,0.0,320.0,17269.86,21244.26,,
2022-09-07,HOLD,12.42,13.32,12.23,12.99,5,12.42,12.99,11.55,13.54,0.0,320.0,17269.86,21426.66,,
2022-09-08,HOLD,12.64,13.8,12.37,13.65,5,12.99,13.65,12.08,14.16,0.0,320.0,17269.86,21637.86,,
2022-09-09,HOLD,14.26,14.85,14.19,14.65,5,13.65,14.65,12.69,14.88,0.0,320.0,17269.86,21957.86,,
2022-09-12,HOLD,14.83,15.05,14.3,14.78,5,14.65,14.78,13.62,15.97,0.0,320.0,17269.86,21999.46,,
2022-09-13,HOLD,13.15,13.49,11.95,12.09,5,14.78,12.09,13.75,16.11,0.0,320.0,17269.86,21138.66,,
2022-09-14,HOLD,12.28,12.74,11.94,12.46,5,12.09,12.46,11.24,13.18,0.0,320.0,17269.86,21257.06,,
2022-09-15,HOLD,12.23,12.67,11.59,11.91,5,12.46,11.91,11.59,13.58,0.0,320.0,17269.86,21081.06,,
2022-09-16,HOLD,11.47,12.1,11.18,12.06,5,11.91,12.06,11.08,12.98,0.0,320.0,17269.86,21129.06,,
2022-09-19,HOLD,11.62,12.44,11.57,12.26,5,12.06,12.26,11.22,13.15,0.0,320.0,17269.86,21193.06,,
2022-09-20,HOLD,11.85,12.04,11.43,11.7,5,12.26,11.7,11.4,13.36,0.0,320.0,17269.86,21013.86,,
2022-09-21,HOLD (not good price),11.76,12.92,11.38,11.4,5,11.7,11.4,10.88,12.75,0.0,320.0,17269.86,20917.86,,
2022-09-22,HOLD,11.17,11.32,10.25,10.51,5,11.4,10.51,10.6,12.43,0.0,320.0,17269.86,20633.06,,
2022-09-23,HOLD,10.07,10.14,9.45,10.03,5,10.51,10.03,9.77,11.46,0.0,320.0,17269.86,20479.46,,
2022-09-26,HOLD,9.91,10.36,9.5,9.55,5,10.03,9.55,9.33,10.93,0.0,320.0,17269.86,20325.86,,
2022-09-27,HOLD,10.04,10.28,9.39,9.81,5,9.55,9.81,8.88,10.41,0.0,320.0,17269.86,20409.06,,
2022-09-28,HOLD,9.57,10.35,9.45,10.17,5,9.81,10.17,9.12,10.69,0.0,320.0,17269.86,20524.26,,
2022-09-29,HOLD,9.7,9.74,8.8,9.29,5,10.17,9.29,9.46,11.09,0.0,320.0,17269.86,20242.66,,
2022-09-30,HOLD,8.9,9.61,8.74,8.86,5,9.29,8.86,8.64,10.13,0.0,320.0,17269.86,20105.06,,
2022-10-03,HOLD (not good price),9.09,10.0,8.88,9.7,5,8.86,9.7,8.24,9.66,0.0,320.0,17269.86,20373.86,,
2022-10-04,HOLD (not good price),10.58,11.1,10.54,11.04,5,9.7,11.04,9.02,10.57,0.0,320.0,17269.86,20802.66,,
2022-10-05,HOLD,10.53,11.66,10.21,11.42,5,11.04,11.42,10.27,12.03,0.0,320.0,17269.86,20924.26,,
2022-10-06,HOLD,11.29,11.92,11.05,11.19,5,11.42,11.19,10.62,12.45,0.0,320.0,17269.86,20850.66,,
2022-10-07,HOLD,10.18,10.28,9.0,9.21,5,11.19,9.21,10.41,12.2,0.0,320.0,17269.86,20217.06,,
2022-10-10,HOLD,9.07,9.09,7.86,8.28,5,9.21,8.28,8.57,10.04,0.0,320.0,17269.86,19919.46,,
2022-10-11,HOLD,7.81,8.02,7.2,7.57,5,8.28,7.57,7.7,9.03,0.0,320.0,17269.86,19692.26,,
2022-10-12,HOLD,7.49,7.62,7.23,7.34,5,7.57,7.34,7.04,8.25,0.0,320.0,17269.86,19618.66,,
2022-10-13,HOLD (not good price),6.42,8.36,6.21,8.0,5,7.34,8.0,6.83,8.0,0.0,320.0,17269.86,19829.86,,
2022-10-14,HOLD,8.26,8.27,6.87,6.93,5,8.0,6.93,7.44,8.72,0.0,320.0,17269.86,19487.46,,
2022-10-17,HOLD (not good price),7.47,7.67,7.2,7.33,5,6.93,7.33,6.44,7.55,0.0,320.0,17269.86,19615.46,,
2022-10-18,HOLD (not good price),8.04,8.21,7.04,7.4,5,7.33,7.4,6.82,7.99,0.0,320.0,17269.86,19637.86,,
2022-10-19,HOLD,7.27,7.8,7.2,7.57,5,7.4,7.57,6.88,8.07,0.0,320.0,17269.86,19692.26,,
2022-10-20,HOLD (not good price),7.7,8.42,7.59,7.7,5,7.57,7.7,7.04,8.25,0.0,320.0,17269.86,19733.86,,
2022-10-21,HOLD (not good price),7.65,8.64,7.55,8.58,5,7.7,8.58,7.16,8.39,0.0,320.0,17269.86,20015.46,,
2022-10-24,HOLD,8.64,8.81,8.08,8.68,5,8.58,8.68,7.98,9.35,0.0,320.0,17269.86,20047.46,,
2022-10-25,HOLD (not good price),8.8,9.47,8.75,9.26,5,8.68,9.26,8.07,9.46,0.0,320.0,17269.86,20233.06,,
2022-10-26,HOLD,8.74,9.67,8.55,9.01,5,9.26,9.01,8.61,10.09,0.0,320.0,17269.86,20153.06,,
2022-10-27,HOLD,9.16,9.44,8.48,8.52,5,9.01,8.52,8.38,9.82,0.0,320.0,17269.86,19996.26,,
2022-10-28,HOLD (not good price),8.56,9.56,8.49,9.5,5,8.52,9.5,7.92,9.29,0.0,320.0,17269.86,20309.86,,
2022-10-31,HOLD,9.3,9.35,8.75,8.92,5,9.5,8.92,8.83,10.36,0.0,320.0,17269.86,20124.26,,
2022-11-01,HOLD,9.41,9.52,8.94,9.1,5,8.92,9.1,8.3,9.72,0.0,320.0,17269.86,20181.86,,
2022-11-02,HOLD,9.27,9.77,8.2,8.24,5,9.1,8.24,8.46,9.92,0.0,320.0,17269.86,19906.66,,
2022-11-03,HOLD,7.78,8.29,7.53,7.89,5,8.24,7.89,7.66,8.98,0.0,320.0,17269.86,19794.66,,
2022-11-04,HOLD (not good price),8.72,9.06,8.42,8.99,5,7.89,8.99,7.34,8.6,0.0,320.0,17269.86,20146.66,,
2022-11-07,HOLD,9.27,9.69,8.88,9.59,5,8.99,9.59,8.36,9.8,0.0,320.0,17269.86,20338.66,,
2022-11-08,HOLD (not good price),10.11,10.56,9.61,10.17,5,9.59,10.17,8.92,10.45,0.0,320.0,17269.86,20524.26,,
2022-11-09,HOLD,9.74,9.82,9.18,9.24,5,10.17,9.24,9.46,11.09,0.0,320.0,17269.86,20226.66,,
2022-11-10,HOLD (not good price),10.8,12.17,10.56,12.08,5,9.24,12.08,8.59,10.07,0.0,320.0,17269.86,21135.46,,
2022-11-11,HOLD (not good price),12.28,13.41,11.83,13.22,5,12.08,13.22,11.23,13.17,0.0,320.0,17269.86,21500.26,,
2022-11-14,HOLD,12.99,13.51,12.73,12.77,5,13.22,12.77,12.29,14.41,0.0,320.0,17269.86,21356.26,,
2022-11-15,HOLD (not good price),14.34,14.44,13.31,13.87,5,12.77,13.87,11.88,13.92,0.0,320.0,17269.86,21708.26,,
2022-11-16,HOLD,12.93,12.99,11.87,12.13,5,13.87,12.13,12.9,15.12,0.0,320.0,17269.86,21151.46,,
2022-11-17,HOLD,11.34,12.58,11.31,12.37,5,12.13,12.37,11.28,13.22,0.0,320.0,17269.86,21228.26,,
2022-11-18,HOLD,12.99,13.03,12.07,12.49,5,12.37,12.49,11.5,13.48,0.0,320.0,17269.86,21266.66,,
2022-11-21,HOLD,12.07,12.2,11.74,11.89,5,12.49,11.89,11.62,13.61,0.0,320.0,17269.86,21074.66,,
2022-11-22,HOLD,12.14,12.94,11.85,12.9,5,11.89,12.9,11.06,12.96,0.0,320.0,17269.86,21397.86,,
2022-11-23,HOLD,12.9,13.75,12.84,13.32,5,12.9,13.32,12.0,14.06,0.0,320.0,17269.86,21532.26,,
2022-11-25,HOLD,13.13,13.26,12.83,12.86,5,13.32,12.86,12.39,14.52,0.0,320.0,17269.86,21385.06,,
2022-11-28,HOLD,12.36,12.76,11.6,11.84,5,12.86,11.84,11.96,14.02,0.0,320.0,17269.86,21058.66,,
2022-11-29,HOLD,11.95,12.18,11.5,11.73,5,11.84,11.73,11.01,12.91,0.0,320.0,17269.86,21023.46,,
2022-11-30,HOLD (not good price),11.84,13.85,11.52,13.82,5,11.73,13.82,10.91,12.79,0.0,320.0,17269.86,21692.26,,
2022-12-01,HOLD,14.09,14.13,12.94,13.5,5,13.82,13.5,12.85,15.06,0.0,320.0,17269.86,21589.86,,
2022-12-02,HOLD,12.49,13.13,12.3,13.03,5,13.5,13.03,12.55,14.72,0.0,320.0,17269.86,21439.46,,
2022-12-05,HOLD,12.8,13.16,12.2,12.59,5,13.03,12.59,12.12,14.2,0.0,320.0,17269.86,21298.66,,
2022-12-06,HOLD,12.54,12.6,11.38,11.72,5,12.59,11.72,11.71,13.72,0.0,320.0,17269.86,21020.26,,
2022-12-07,HOLD,11.41,11.93,11.33,11.7,5,11.72,11.7,10.9,12.77,0.0,320.0,17269.86,21013.86,,
2022-12-08,HOLD,11.89,12.72,11.65,12.62,5,11.7,12.62,10.88,12.75,0.0,320.0,17269.86,21308.26,,
2022-12-09,HOLD,12.49,12.99,12.18,12.32,5,12.62,12.32,11.74,13.76,0.0,320.0,17269.86,21212.26,,
2022-12-12,HOLD,12.14,13.01,11.94,12.98,5,12.32,12.98,11.46,13.43,0.0,320.0,17269.86,21423.46,,
2022-12-13,HOLD (not good price),14.72,14.91,13.14,13.63,5,12.98,13.63,12.07,14.15,0.0,320.0,17269.86,21631.46,,
2022-12-14,HOLD,13.51,14.03,12.54,13.0,5,13.63,13.0,12.68,14.86,0.0,320.0,17269.86,21429.86,,
2022-12-15,HOLD,12.23,12.38,11.32,11.4,5,13.0,11.4,12.09,14.17,0.0,320.0,17269.86,20917.86,,
2022-12-16,HOLD,11.2,11.48,10.77,11.11,5,11.4,11.11,10.6,12.43,0.0,320.0,17269.86,20825.06,,
2022-12-19,HOLD,11.12,11.15,10.35,10.69,5,11.11,10.69,10.33,12.11,0.0,320.0,17269.86,20690.66,,
2022-12-20,HOLD,10.25,10.75,10.16,10.41,5,10.69,10.41,9.94,11.65,0.0,320.0,17269.86,20601.06,,
2022-12-21,HOLD,10.63,11.27,10.6,11.14,5,10.41,11.14,9.68,11.35,0.0,320.0,17269.86,20834.66,,
2022-12-22,HOLD,10.54,10.56,9.11,9.78,5,11.14,9.78,10.36,12.14,0.0,320.0,17269.86,20399.46,,
2022-12-23,HOLD,9.59,9.81,9.23,9.77,5,9.78,9.77,9.1,10.66,0.0,320.0,17269.86,20396.26,,
2022-12-27,HOLD,9.58,9.59,9.13,9.27,5,9.77,9.27,9.09,10.65,0.0,320.0,17269.86,20236.26,,
2022-12-28,HOLD,9.1,9.43,8.74,8.86,5,9.27,8.86,8.62,10.1,0.0,320.0,17269.86,20105.06,,
2022-12-29,HOLD (not good price),9.28,9.83,9.18,9.67,5,8.86,9.67,8.24,9.66,0.0,320.0,17269.86,20364.26,,
2022-12-30,HOLD,9.27,9.7,9.06,9.67,5,9.67,9.67,8.99,10.54,0.0,320.0,17269.86,20364.26,,
2023-01-03,HOLD,10.17,10.21,9.19,9.36,5,9.67,9.36,8.99,10.54,0.0,320.0,17269.86,20265.06,,
2023-01-04,HOLD (not good price),9.88,10.27,9.58,10.07,5,9.36,10.07,8.7,10.2,0.0,320.0,17269.86,20492.26,,
2023-01-05,HOLD,9.8,10.0,9.53,9.57,5,10.07,9.57,9.37,10.98,0.0,320.0,17269.86,20332.26,,
2023-01-06,HOLD (not good price),9.95,11.07,9.56,10.87,5,9.57,10.87,8.9,10.43,0.0,320.0,17269.86,20748.26,,
2023-01-09,HOLD (not good price),11.53,12.27,11.28,11.53,5,10.87,11.53,10.11,11.85,0.0,320.0,17269.86,20959.46,,
2023-01-10,HOLD,11.38,11.99,11.19,11.97,5,11.53,11.97,10.72,12.57,0.0,320.0,17269.86,21100.26,,
2023-01-11,HOLD,11.98,12.43,11.65,12.4,5,11.97,12.4,11.13,13.05,0.0,320.0,17269.86,21237.86,,
2023-01-12,HOLD,12.59,13.08,11.82,12.82,5,12.4,12.82,11.53,13.52,0.0,320.0,17269.86,21372.26,,
2023-01-13,HOLD,12.37,13.0,12.27,12.95,5,12.82,12.95,11.92,13.97,0.0,320.0,17269.86,21413.86,,
2023-01-17,HOLD,12.88,13.43,12.67,13.06,5,12.95,13.06,12.04,14.12,0.0,320.0,17269.86,21449.06,,
2023-01-18,HOLD,13.45,13.76,12.81,12.82,5,13.06,12.82,12.15,14.24,0.0,320.0,17269.86,21372.26,,
2023-01-19,HOLD,12.48,12.52,11.62,11.77,5,12.82,11.77,11.92,13.97,0.0,320.0,17269.86,21036.26,,
2023-01-20,HOLD (not good price),12.11,12.86,11.75,12.79,5,11.77,12.79,10.95,12.83,0.0,320.0,17269.86,21362.66,,
2023-01-23,HOLD (not good price),13.18,14.91,13.13,14.74,5,12.79,14.74,11.89,13.94,0.0,320.0,17269.86,21986.66,,
2023-01-24,HOLD,14.29,14.85,14.16,14.44,5,14.74,14.44,13.71,16.07,0.0,320.0,17269.86,21890.66,,
2023-01-25,HOLD,13.71,14.63,13.33,14.53,5,14.44,14.53,13.43,15.74,0.0,320.0,17269.86,21919.46,,
2023-01-26,HOLD,15.02,15.3,14.3,15.24,5,14.53,15.24,13.51,15.84,0.0,320.0,17269.86,22146.66,,
2023-01-27,HOLD,14.5,15.36,14.35,14.98,5,15.24,14.98,14.17,16.61,0.0,320.0,17269.86,22063.46,,
2023-01-30,HOLD,14.35,14.62,13.73,13.8,5,14.98,13.8,13.93,16.33,0.0,320.0,17269.86,21685.86,,
2023-01-31,HOLD,13.67,14.55,13.64,14.52,5,13.8,14.52,12.83,15.04,0.0,320.0,17269.86,21916.26,,
2023-02-01,HOLD (not good price),14.73,17.28,14.68,16.8,5,14.52,16.8,13.5,15.83,0.0,320.0,17269.86,22645.86,,
2023-02-02,HOLD (not good price),17.33,18.4,17.01,17.92,5,16.8,17.92,15.62,18.31,0.0,320.0,17269.86,23004.26,,
2023-02-03,HOLD,16.78,18.13,16.6,16.93,5,17.92,16.93,16.67,19.53,0.0,320.0,17269.86,22687.46,,
2023-02-06,HOLD,16.12,16.86,15.86,16.1,5,16.93,16.1,15.74,18.45,0.0,320.0,17269.86,22421.86,,
2023-02-07,HOLD (not good price),16.22,17.85,16.13,17.59,5,16.1,17.59,14.97,17.55,0.0,320.0,17269.86,22898.66,,
2023-02-08,HOLD,17.33,17.69,16.35,16.49,5,17.59,16.49,16.36,19.17,0.0,320.0,17269.86,22546.66,,
2023-02-09,HOLD,17.33,17.9,16.21,16.58,5,16.49,16.58,15.34,17.97,0.0,320.0,17269.86,22575.46,,
2023-02-10,HOLD,16.06,16.22,15.25,15.8,5,16.58,15.8,15.42,18.07,0.0,320.0,17269.86,22325.86,,
2023-02-13,HOLD,15.99,16.62,15.57,16.42,5,15.8,16.42,14.69,17.22,0.0,320.0,17269.86,22524.26,,
2023-02-14,HOLD,16.06,17.53,15.67,17.33,5,16.42,17.33,15.27,17.9,0.0,320.0,17269.86,22815.46,,
2023-02-15,HOLD,16.81,17.59,16.43,17.54,5,17.33,17.54,16.12,18.89,0.0,320.0,17269.86,22882.66,,
2023-02-16,HOLD,16.65,17.17,16.18,16.28,5,17.54,16.28,16.31,19.12,0.0,320.0,17269.86,22479.46,,
2023-02-17,HOLD,15.98,16.12,15.04,15.5,5,16.28,15.5,15.14,17.75,0.0,320.0,17269.86,22229.86,,
2023-02-21,HOLD,14.79,15.31,13.89,14.01,5,15.5,14.01,14.41,16.89,0.0,320.0,17269.86,21753.06,,
2023-02-22,HOLD,14.11,14.41,13.54,13.83,5,14.01,13.83,13.03,15.27,0.0,320.0,17269.86,21695.46,,
2023-02-23,HOLD (not good price),15.13,15.34,14.28,15.08,5,13.83,15.08,12.86,15.07,0.0,320.0,17269.86,22095.46,,
2023-02-24,HOLD,14.29,14.54,13.96,14.31,5,15.08,14.31,14.02,16.44,0.0,320.0,17269.86,21849.06,,
2023-02-27,HOLD,14.96,15.01,14.5,14.5,5,14.31,14.5,13.31,15.6,0.0,320.0,17269.86,21909.86,,
2023-02-28,HOLD,14.4,15.27,14.31,14.65,5,14.5,14.65,13.48,15.81,0.0,320.0,17269.86,21957.86,,
2023-03-01,HOLD,14.81,15.22,14.48,14.68,5,14.65,14.68,13.62,15.97,0.0,320.0,17269.86,21967.46,,
2023-03-02,HOLD,14.01,15.24,13.66,15.01,5,14.68,15.01,13.65,16.0,0.0,320.0,17269.86,22073.06,,
2023-03-03,HOLD,15.05,15.77,14.65,15.68,5,15.01,15.68,13.96,16.36,0.0,320.0,17269.86,22287.46,,
2023-03-06,HOLD,15.83,16.25,15.04,15.17,5,15.68,15.17,14.58,17.09,0.0,320.0,17269.86,22124.26,,
2023-03-07,HOLD,15.19,15.42,14.49,14.65,5,15.17,14.65,14.11,16.54,0.0,320.0,17269.86,21957.86,,
2023-03-08,HOLD,14.86,15.9,14.85,15.81,5,14.65,15.81,13.62,15.97,0.0,320.0,17269.86,22329.06,,
2023-03-09,HOLD,15.75,16.54,14.8,14.91,5,15.81,14.91,14.7,17.23,0.0,320.0,17269.86,22041.06,,
2023-03-10,HOLD,15.11,15.25,13.81,14.05,5,14.91,14.05,13.87,16.25,0.0,320.0,17269.86,21765.86,,
2023-03-13,HOLD,13.61,14.54,13.15,14.02,5,14.05,14.02,13.07,15.31,0.0,320.0,17269.86,21756.26,,
2023-03-14,HOLD (not good price),14.76,15.54,14.54,15.22,5,14.02,15.22,13.04,15.28,0.0,320.0,17269.86,22140.26,,
2023-03-15,HOLD,14.6,14.85,13.75,14.69,5,15.22,14.69,14.15,16.59,0.0,320.0,17269.86,21970.66,,
2023-03-16,HOLD (not good price),14.48,16.52,14.3,16.42,5,14.69,16.42,13.66,16.01,0.0,320.0,17269.86,22524.26,,
2023-03-17,HOLD,16.49,16.9,15.83,16.13,5,16.42,16.13,15.27,17.9,0.0,320.0,17269.86,22431.46,,
2023-03-20,HOLD,16.14,16.79,15.78,16.61,5,16.13,16.61,15.0,17.58,0.0,320.0,17269.86,22585.06,,
2023-03-21,HOLD,17.01,17.53,15.94,16.67,5,16.61,16.67,15.45,18.1,0.0,320.0,17269.86,22604.26,,
2023-03-22,HOLD,16.68,18.02,16.2,16.24,5,16.67,16.24,15.5,18.17,0.0,320.0,17269.86,22466.66,,
2023-03-23,HOLD (not good price),17.02,18.17,16.63,17.49,5,16.24,17.49,15.1,17.7,0.0,320.0,17269.86,22866.66,,
2023-03-24,HOLD,17.1,17.22,16.04,16.57,5,17.49,16.57,16.27,19.06,0.0,320.0,17269.86,22572.26,,
2023-03-27,HOLD,16.76,16.92,15.81,15.97,5,16.57,15.97,15.41,18.06,0.0,320.0,17269.86,22380.26,,
2023-03-28,HOLD,15.87,15.88,14.9,15.63,5,15.97,15.63,14.85,17.41,0.0,320.0,17269.86,22271.46,,
2023-03-29,HOLD (not good price),16.34,17.47,16.3,17.08,5,15.63,17.08,14.54,17.04,0.0,320.0,17269.86,22735.46,,
2023-03-30,HOLD,17.76,18.29,17.58,17.95,5,17.08,17.95,15.88,18.62,0.0,320.0,17269.86,23013.86,,
2023-03-31,HOLD,17.56,18.34,17.43,18.3,5,17.95,18.3,16.69,19.57,0.0,320.0,17269.86,23125.86,,
2023-04-03,HOLD,17.92,18.16,17.13,17.81,5,18.3,17.81,17.02,19.95,0.0,320.0,17269.86,22969.06,,
2023-04-04,HOLD,17.87,17.9,16.51,16.79,5,17.81,16.79,16.56,19.41,0.0,320.0,17269.86,22642.66,,
2023-04-05,HOLD,16.25,16.31,15.38,15.92,5,16.79,15.92,15.61,18.3,0.0,320.0,17269.86,22364.26,,
2023-04-06,HOLD,15.45,16.01,15.09,15.66,5,15.92,15.66,14.81,17.35,0.0,320.0,17269.86,22281.06,,
2023-04-10,HOLD,15.22,16.5,15.14,16.39,5,15.66,16.39,14.56,17.07,0.0,320.0,17269.86,22514.66,,
2023-04-11,HOLD,16.72,16.79,16.11,16.21,5,16.39,16.21,15.24,17.87,0.0,320.0,17269.86,22457.06,,
2023-04-12,HOLD,16.66,16.74,15.27,15.33,5,16.21,15.33,15.08,17.67,0.0,320.0,17269.86,22175.46,,
2023-04-13,HOLD,15.39,15.95,15.04,15.67,5,15.33,15.67,14.26,16.71,0.0,320.0,17269.86,22284.26,,
2023-04-14,HOLD,15.64,16.19,15.08,15.58,5,15.67,15.58,14.57,17.08,0.0,320.0,17269.86,22255.46,,
2023-04-17,HOLD,15.1,15.62,14.95,15.58,5,15.58,15.58,14.49,16.98,0.0,320.0,17269.86,22255.46,,
2023-04-18,HOLD,16.02,16.36,15.41,15.78,5,15.58,15.78,14.49,16.98,0.0,320.0,17269.86,22319.46,,
2023-04-19,HOLD,15.2,15.38,14.98,15.26,5,15.78,15.26,14.68,17.2,0.0,320.0,17269.86,22153.06,,
2023-04-20,HOLD,14.79,15.9,14.75,15.2,5,15.26,15.2,14.19,16.63,0.0,320.0,17269.86,22133.86,,
2023-04-21,HOLD,15.09,15.09,14.48,14.86,5,15.2,14.86,14.14,16.57,0.0,320.0,17269.86,22025.06,,
2023-04-24,HOLD,14.78,15.04,14.36,14.63,5,14.86,14.63,13.82,16.2,0.0,320.0,17269.86,21951.46,,
2023-04-25,HOLD,14.42,14.42,13.17,13.2,5,14.63,13.2,13.61,15.95,0.0,320.0,17269.86,21493.86,,
2023-04-26,HOLD,13.62,13.79,13.18,13.37,5,13.2,13.37,12.28,14.39,0.0,320.0,17269.86,21548.26,,
2023-04-27,HOLD,13.33,13.6,12.52,13.54,5,13.37,13.54,12.43,14.57,0.0,320.0,17269.86,21602.66,,
2023-04-28,HOLD,13.76,14.27,13.54,14.23,5,13.54,14.23,12.59,14.76,0.0,320.0,17269.86,21823.46,,
2023-05-01,HOLD,14.46,14.79,14.32,14.66,5,14.23,14.66,13.23,15.51,0.0,320.0,17269.86,21961.06,,
2023-05-02,HOLD,14.66,14.91,13.91,14.35,5,14.66,14.35,13.63,15.98,0.0,320.0,17269.86,21861.86,,
2023-05-03,HOLD,14.12,14.62,13.81,13.84,5,14.35,13.84,13.35,15.64,0.0,320.0,17269.86,21698.66,,
2023-05-04,HOLD,13.5,14.0,13.22,13.6,5,13.84,13.6,12.87,15.09,0.0,320.0,17269.86,21621.86,,
2023-05-05,HOLD,13.62,14.68,13.44,14.47,5,13.6,14.47,12.65,14.82,0.0,320.0,17269.86,21900.26,,
2023-05-08,HOLD,14.46,14.7,14.07,14.65,5,14.47,14.65,13.46,15.77,0.0,320.0,17269.86,21957.86,,
2023-05-09,HOLD,14.07,14.12,13.74,13.94,5,14.65,13.94,13.62,15.97,0.0,320.0,17269.86,21730.66,,
2023-05-10,HOLD,14.38,14.64,13.91,14.31,5,13.94,14.31,12.96,15.19,0.0,320.0,17269.86,21849.06,,
2023-05-11,HOLD,14.33,14.43,13.64,14.07,5,14.31,14.07,13.31,15.6,0.0,320.0,17269.86,21772.26,,
2023-05-12,HOLD,14.18,14.37,13.59,14.02,5,14.07,14.02,13.09,15.34,0.0,320.0,17269.86,21756.26,,
2023-05-15,HOLD,14.1,15.14,13.97,15.11,5,14.02,15.11,13.04,15.28,0.0,320.0,17269.86,22105.06,,
2023-05-16,HOLD,14.98,15.57,14.97,15.05,5,15.11,15.05,14.05,16.47,0.0,320.0,17269.86,22085.86,,
2023-05-17,HOLD,15.48,16.34,15.14,16.14,5,15.05,16.14,14.0,16.4,0.0,320.0,17269.86,22434.66,,
2023-05-18,HOLD (not good price),16.34,17.8,16.32,17.67,5,16.14,17.67,15.01,17.59,0.0,320.0,17269.86,22924.26,,
2023-05-19,HOLD,17.59,17.64,17.06,17.39,5,17.67,17.39,16.43,19.26,0.0,320.0,17269.86,22834.66,,
2023-05-22,HOLD,16.92,17.72,16.89,17.53,5,17.39,17.53,16.17,18.96,0.0,320.0,17269.86,22879.46,,
2023-05-23,HOLD,17.2,17.55,16.79,16.92,5,17.53,16.92,16.3,19.11,0.0,320.0,17269.86,22684.26,,
2023-05-24,HOLD,15.89,16.23,15.49,16.03,5,16.92,16.03,15.74,18.44,0.0,320.0,17269.86,22399.46,,
2023-05-25,HOLD (not good price),18.16,19.39,17.63,19.15,5,16.03,19.15,14.91,17.47,0.0,320.0,17269.86,23397.86,,
2023-05-26,HOLD (not good price),20.05,23.26,20.03,22.88,5,19.15,22.88,17.81,20.87,0.0,320.0,17269.86,24591.46,,
2023-05-30,HOLD,24.57,24.8,22.59,22.87,5,22.88,22.87,21.28,24.94,0.0,320.0,17269.86,24588.26,,
2023-05-31,HOLD,21.71,22.67,21.09,21.15,5,22.87,21.15,21.27,24.93,0.0,320.0,17269.86,24037.86,,
2023-06-01,HOLD,21.48,22.75,20.83,22.16,5,21.15,22.16,19.67,23.05,0.0,320.0,17269.86,24361.06,,
2023-06-02,HOLD,22.69,22.89,21.53,22.02,5,22.16,22.02,20.61,24.15,0.0,320.0,17269.86,24316.26,,
2023-06-05,HOLD,21.75,21.75,20.66,20.97,5,22.02,20.97,20.48,24.0,0.0,320.0,17269.86,23980.26,,
2023-06-06,HOLD,20.55,22.06,20.43,21.73,5,20.97,21.73,19.5,22.86,0.0,320.0,17269.86,24223.46,,
2023-06-07,HOLD,22.15,23.1,21.49,21.64,5,21.73,21.64,20.21,23.69,0.0,320.0,17269.86,24194.66,,
2023-06-08,HOLD,21.79,22.47,21.46,22.28,5,21.64,22.28,20.13,23.59,0.0,320.0,17269.86,24399.46,,
2023-06-09,HOLD,23.03,23.49,22.09,22.4,5,22.28,22.4,20.72,24.29,0.0,320.0,17269.86,24437.86,,
2023-06-12,HOLD (not good price),23.2,24.68,23.13,24.6,5,22.4,24.6,20.83,24.42,0.0,320.0,17269.86,25141.86,,
2023-06-13,HOLD,25.79,26.08,24.72,25.56,5,24.6,25.56,22.88,26.81,0.0,320.0,17269.86,25449.06,,
2023-06-14,HOLD,25.31,26.7,24.84,26.64,5,25.56,26.64,23.77,27.86,0.0,320.0,17269.86,25794.66,,
2023-06-15,HOLD,25.75,26.57,25.42,25.95,5,26.64,25.95,24.78,29.04,0.0,320.0,17269.86,25573.86,,
2023-06-16,HOLD,26.77,26.79,25.13,25.24,5,25.95,25.24,24.13,28.29,0.0,320.0,17269.86,25346.66,,
2023-06-20,HOLD,24.86,25.55,23.98,24.65,5,25.24,24.65,23.47,27.51,0.0,320.0,17269.86,25157.86,,
2023-06-21,HOLD,24.17,24.49,22.7,22.78,5,24.65,22.78,22.92,26.87,0.0,320.0,17269.86,24559.46,,
2023-06-22,HOLD,22.28,23.38,22.22,23.1,5,22.78,23.1,21.19,24.83,0.0,320.0,17269.86,24661.86,,
2023-06-23,HOLD,21.95,22.28,21.52,21.89,5,23.1,21.89,21.48,25.18,0.0,320.0,17269.86,24274.66,,
2023-06-26,HOLD,22.32,23.32,22.05,22.09,5,21.89,22.09,20.36,23.86,0.0,320.0,17269.86,24338.66,,
2023-06-27,HOLD (not good price),22.29,24.49,22.01,24.37,5,22.09,24.37,20.54,24.08,0.0,320.0,17269.86,25068.26,,
2023-06-28,HOLD,23.18,24.44,23.11,23.72,5,24.37,23.72,22.66,26.56,0.0,320.0,17269.86,24860.26,,
2023-06-29,HOLD,24.11,24.11,23.17,23.81,5,23.72,23.81,22.06,25.85,0.0,320.0,17269.86,24889.06,,
2023-06-30,HOLD,24.57,25.17,24.29,24.83,5,23.81,24.83,22.14,25.95,0.0,320.0,17269.86,25215.46,,
2023-07-03,HOLD,25.26,25.75,24.68,25.49,5,24.83,25.49,23.09,27.06,0.0,320.0,17269.86,25426.66,,
2023-07-05,HOLD,24.99,25.18,23.83,23.85,5,25.49,23.85,23.71,27.78,0.0,320.0,17269.86,24901.86,,
2023-07-06,HOLD,22.6,23.05,22.04,22.98,5,23.85,22.98,22.18,26.0,0.0,320.0,17269.86,24623.46,,
2023-07-07,HOLD,23.08,24.03,22.83,22.96,5,22.98,22.96,21.37,25.05,0.0,320.0,17269.86,24617.06,,
2023-07-10,HOLD,23.16,24.44,23.08,24.32,5,22.96,24.32,21.35,25.03,0.0,320.0,17269.86,25052.26,,
2023-07-11,HOLD,24.68,24.74,23.28,24.34,5,24.32,24.34,22.62,26.51,0.0,320.0,17269.86,25058.66,,
2023-07-12,HOLD,25.44,25.85,25.0,25.69,5,24.34,25.69,22.64,26.53,0.0,320.0,17269.86,25490.66,,
2023-07-13,HOLD,26.51,27.45,26.21,27.28,5,25.69,27.28,23.89,28.0,0.0,320.0,17269.86,25999.46,,
2023-07-14,HOLD,27.34,28.03,25.9,26.23,5,27.28,26.23,25.37,29.74,0.0,320.0,17269.86,25663.46,,
2023-07-17,HOLD,26.28,28.53,25.77,28.06,5,26.23,28.06,24.39,28.59,0.0,320.0,17269.86,26249.06,,
2023-07-18,HOLD,27.75,28.55,27.09,28.26,5,28.06,28.26,26.1,30.59,0.0,320.0,17269.86,26313.06,,
2023-07-19,HOLD,28.41,28.44,27.04,27.29,5,28.26,27.29,26.28,30.8,0.0,320.0,17269.86,26002.66,,
2023-07-20,HOLD,25.79,26.06,23.87,24.29,5,27.29,24.29,25.38,29.75,0.0,320.0,17269.86,25042.66,,
2023-07-21,HOLD,25.01,25.59,24.5,24.92,5,24.29,24.92,22.59,26.48,0.0,320.0,17269.86,25244.26,,
2023-07-24,HOLD,24.91,25.44,24.51,24.9,5,24.92,24.9,23.18,27.16,0.0,320.0,17269.86,25237.86,,
2023-07-25,HOLD,25.31,26.59,25.31,26.13,5,24.9,26.13,23.16,27.14,0.0,320.0,17269.86,25631.46,,
2023-07-26,HOLD,25.2,25.73,24.21,25.06,5,26.13,25.06,24.3,28.48,0.0,320.0,17269.86,25289.06,,
2023-07-27,HOLD (not good price),27.0,28.05,26.0,26.46,5,25.06,26.46,23.31,27.32,0.0,320.0,17269.86,25737.06,,
2023-07-28,HOLD,27.99,28.44,27.15,28.15,5,26.46,28.15,24.61,28.84,0.0,320.0,17269.86,26277.86,,
2023-07-31,HOLD,28.46,28.75,27.95,28.41,5,28.15,28.41,26.18,30.68,0.0,320.0,17269.86,26361.06,,
2023-08-01,HOLD,27.81,28.72,27.44,28.53,5,28.41,28.53,26.42,30.97,0.0,320.0,17269.86,26399.46,,
2023-08-02,HOLD,27.5,27.5,24.79,25.28,5,28.53,25.28,26.53,31.1,0.0,320.0,17269.86,25359.46,,
2023-08-03,HOLD,24.29,25.6,24.07,25.15,5,25.28,25.15,23.51,27.56,0.0,320.0,17269.86,25317.86,,
2023-08-04,HOLD,24.82,25.95,24.08,24.88,5,25.15,24.88,23.39,27.41,0.0,320.0,17269.86,25231.46,,
2023-08-07,HOLD,25.46,25.78,24.98,25.66,5,24.88,25.66,23.14,27.12,0.0,320.0,17269.86,25481.06,,
2023-08-08,HOLD,24.5,24.55,23.43,24.46,5,25.66,24.46,23.86,27.97,0.0,320.0,17269.86,25097.06,,
2023-08-09,HOLD,24.4,24.44,22.95,23.09,5,24.46,23.09,22.75,26.66,0.0,320.0,17269.86,24658.66,,
2023-08-10,HOLD,23.66,24.41,22.31,22.81,5,23.09,22.81,21.47,25.17,0.0,320.0,17269.86,24569.06,,
2023-08-11,HOLD,21.93,22.0,21.01,21.14,5,22.81,21.14,21.21,24.86,0.0,320.0,17269.86,24034.66,,
2023-08-14,HOLD,20.86,22.96,20.66,22.93,5,21.14,22.93,19.66,23.04,0.0,320.0,17269.86,24607.46,,
2023-08-15,HOLD,22.62,22.82,21.7,21.8,5,22.93,21.8,21.32,24.99,0.0,320.0,17269.86,24245.86,,
2023-08-16,HOLD,21.71,21.78,20.47,20.53,5,21.8,20.53,20.27,23.76,0.0,320.0,17269.86,23839.46,,
2023-08-17,HOLD,20.62,20.75,19.71,19.91,5,20.53,19.91,19.09,22.38,0.0,320.0,17269.86,23641.06,,
2023-08-18,HOLD,19.22,20.43,19.11,20.15,5,19.91,20.15,18.52,21.7,0.0,320.0,17269.86,23717.86,,
2023-08-21,HOLD (not good price),20.51,22.03,20.39,21.88,5,20.15,21.88,18.74,21.96,0.0,320.0,17269.86,24271.46,,
2023-08-22,HOLD,22.71,22.82,21.1,21.35,5,21.88,21.35,20.35,23.85,0.0,320.0,17269.86,24101.86,,
2023-08-23,HOLD,20.95,22.89,20.9,22.6,5,21.35,22.6,19.86,23.27,0.0,320.0,17269.86,24501.86,,
2023-08-24,HOLD,23.89,23.92,20.24,20.41,5,22.6,20.41,21.02,24.63,0.0,320.0,17269.86,23801.06,,
2023-08-25,HOLD,20.34,21.17,19.4,20.66,5,20.41,20.66,18.98,22.25,0.0,320.0,17269.86,23881.06,,
2023-08-28,HOLD,21.26,21.59,20.76,21.42,5,20.66,21.42,19.21,22.52,0.0,320.0,17269.86,24124.26,,
2023-08-29,HOLD,21.09,23.31,20.97,23.07,5,21.42,23.07,19.92,23.35,0.0,320.0,17269.86,24652.26,,
2023-08-30,HOLD,22.92,23.7,22.37,23.4,5,23.07,23.4,21.46,25.15,0.0,320.0,17269.86,24757.86,,
2023-08-31,HOLD,23.17,24.28,23.14,23.86,5,23.4,23.86,21.76,25.51,0.0,320.0,17269.86,24905.06,,
2023-09-01,HOLD,24.35,24.51,23.51,24.02,5,23.86,24.02,22.19,26.01,0.0,320.0,17269.86,24956.26,,
2023-09-05,HOLD,23.75,24.58,23.38,24.02,5,24.02,24.02,22.34,26.18,0.0,320.0,17269.86,24956.26,,
2023-09-06,HOLD,23.87,24.29,22.66,23.44,5,24.02,23.44,22.34,26.18,0.0,320.0,17269.86,24770.66,,
2023-09-07,HOLD,21.86,22.05,21.0,21.87,5,23.44,21.87,21.8,25.55,0.0,320.0,17269.86,24268.26,,
2023-09-08,HOLD,21.72,22.19,21.22,21.5,5,21.87,21.5,20.34,23.84,0.0,320.0,17269.86,24149.86,,
2023-09-11,HOLD,22.24,22.31,20.59,21.45,5,21.5,21.45,19.99,23.44,0.0,320.0,17269.86,24133.86,,
2023-09-12,HOLD,21.0,21.98,20.85,20.94,5,21.45,20.94,19.95,23.38,0.0,320.0,17269.86,23970.66,,
2023-09-13,HOLD,20.88,21.87,20.79,21.23,5,20.94,21.23,19.47,22.82,0.0,320.0,17269.86,24063.46,,
2023-09-14,HOLD,21.86,21.93,21.05,21.65,5,21.23,21.65,19.74,23.14,0.0,320.0,17269.86,24197.86,,
2023-09-15,HOLD,21.24,21.27,19.45,19.79,5,21.65,19.79,20.13,23.6,0.0,320.0,17269.86,23602.66,,
2023-09-18,HOLD,19.29,20.18,19.2,19.93,5,19.79,19.93,18.4,21.57,0.0,320.0,17269.86,23647.46,,
2023-09-19,HOLD,19.76,19.81,19.08,19.43,5,19.93,19.43,18.53,21.72,0.0,320.0,17269.86,23487.46,,
2023-09-20,HOLD,19.66,19.92,18.44,18.48,5,19.43,18.48,18.07,21.18,0.0,320.0,17269.86,23183.46,,
2023-09-21,HOLD,17.76,18.13,17.39,17.42,5,18.48,17.42,17.19,20.14,0.0,320.0,17269.86,22844.26,,
2023-09-22,HOLD,17.9,18.37,17.63,17.84,5,17.42,17.84,16.2,18.99,0.0,320.0,17269.86,22978.66,,
2023-09-25,HOLD,17.61,18.28,17.34,18.22,5,17.84,18.22,16.59,19.45,0.0,320.0,17269.86,23100.26,,
2023-09-26,HOLD,17.74,17.92,16.99,17.24,5,18.22,17.24,16.94,19.86,0.0,320.0,17269.86,22786.66,,
2023-09-27,HOLD,17.64,18.08,16.89,17.68,5,17.24,17.68,16.03,18.79,0.0,320.0,17269.86,22927.46,,
2023-09-28,HOLD,17.57,19.22,17.35,18.64,5,17.68,18.64,16.44,19.27,0.0,320.0,17269.86,23234.66,,
2023-09-29,HOLD,19.43,19.66,18.66,18.87,5,18.64,18.87,17.34,20.32,0.0,320.0,17269.86,23308.26,,
2023-10-02,HOLD,18.95,19.58,18.43,19.08,5,18.87,19.08,17.55,20.57,0.0,320.0,17269.86,23375.46,,
2023-10-03,HOLD,18.6,19.39,17.53,17.89,5,19.08,17.89,17.74,20.8,0.0,320.0,17269.86,22994.66,,
2023-10-04,HOLD,18.18,18.81,17.77,18.64,5,17.89,18.64,16.64,19.5,0.0,320.0,17269.86,23234.66,,
2023-10-05,HOLD,18.58,18.87,17.82,18.4,5,18.64,18.4,17.34,20.32,0.0,320.0,17269.86,23157.86,,
2023-10-06,HOLD,18.02,19.79,17.66,19.47,5,18.4,19.47,17.11,20.06,0.0,320.0,17269.86,23500.26,,
2023-10-09,HOLD,18.92,19.53,18.45,19.38,5,19.47,19.38,18.11,21.22,0.0,320.0,17269.86,23471.46,,
2023-10-10,HOLD,19.56,20.62,19.29,20.05,5,19.38,20.05,18.02,21.12,0.0,320.0,17269.86,23685.86,,
2023-10-11,HOLD,20.31,20.68,19.82,20.51,5,20.05,20.51,18.65,21.85,0.0,320.0,17269.86,23833.06,,
2023-10-12,HOLD,20.67,21.57,20.09,20.68,5,20.51,20.68,19.07,22.36,0.0,320.0,17269.86,23887.46,,
2023-10-13,HOLD,20.8,20.89,18.85,18.98,5,20.68,18.98,19.23,22.54,0.0,320.0,17269.86,23343.46,,
2023-10-16,HOLD,19.13,20.0,19.1,19.81,5,18.98,19.81,17.65,20.69,0.0,320.0,17269.86,23609.06,,
2023-10-17,HOLD,18.63,19.76,17.91,19.3,5,19.81,19.3,18.42,21.59,0.0,320.0,17269.86,23445.86,,
2023-10-18,HOLD,18.37,18.79,17.98,18.28,5,19.3,18.28,17.95,21.04,0.0,320.0,17269.86,23119.46,,
2023-10-19,HOLD,18.76,18.93,17.23,17.43,5,18.28,17.43,17.0,19.93,0.0,320.0,17269.86,22847.46,,
2023-10-20,HOLD,17.42,17.79,16.57,16.64,5,17.43,16.64,16.21,19.0,0.0,320.0,17269.86,22594.66,,
2023-10-23,HOLD,16.35,17.26,15.83,16.39,5,16.64,16.39,15.48,18.14,0.0,320.0,17269.86,22514.66,,
2023-10-24,HOLD,16.66,17.13,16.42,17.04,5,16.39,17.04,15.24,17.87,0.0,320.0,17269.86,22722.66,,
2023-10-25,HOLD,16.38,16.52,14.71,14.97,5,17.04,14.97,15.85,18.57,0.0,320.0,17269.86,22060.26,,
2023-10-26,HOLD,15.13,15.68,14.48,14.73,5,14.97,14.73,13.92,16.32,0.0,320.0,17269.86,21983.46,,
2023-10-27,HOLD,15.3,15.57,14.93,15.1,5,14.73,15.1,13.7,16.06,0.0,320.0,17269.86,22101.86,,
2023-10-30,HOLD,14.82,15.11,14.02,14.53,5,15.1,14.53,14.04,16.46,0.0,320.0,17269.86,21919.46,,
2023-10-31,HOLD,14.54,15.03,14.01,14.9,5,14.53,14.9,13.51,15.84,0.0,320.0,17269.86,22037.86,,
2023-11-01,HOLD,14.95,16.02,14.93,15.95,5,14.9,15.95,13.86,16.24,0.0,320.0,17269.86,22373.86,,
2023-11-02,HOLD (not good price),16.9,17.41,16.38,17.08,5,15.95,17.08,14.83,17.39,0.0,320.0,17269.86,22735.46,,
2023-11-03,HOLD (not good price),17.6,18.76,17.5,18.38,5,17.08,18.38,15.88,18.62,0.0,320.0,17269.86,23151.46,,
2023-11-06,HOLD,18.45,18.64,17.73,18.25,5,18.38,18.25,17.09,20.03,0.0,320.0,17269.86,23109.86,,
2023-11-07,HOLD,18.16,18.88,18.06,18.6,5,18.25,18.6,16.97,19.89,0.0,320.0,17269.86,23221.86,,
2023-11-08,HOLD,18.66,18.96,18.28,18.67,5,18.6,18.67,17.3,20.27,0.0,320.0,17269.86,23244.26,,
2023-11-09,HOLD,19.04,19.7,18.28,18.39,5,18.67,18.39,17.36,20.35,0.0,320.0,17269.86,23154.66,,
2023-11-10,HOLD (not good price),19.06,20.78,18.83,20.6,5,18.39,20.6,17.1,20.05,0.0,320.0,17269.86,23861.86,,
2023-11-13,HOLD,20.11,20.2,19.58,20.02,5,20.6,20.02,19.16,22.45,0.0,320.0,17269.86,23676.26,,
2023-11-14,HOLD (not good price),21.51,22.39,21.38,22.14,5,20.02,22.14,18.62,21.82,0.0,320.0,17269.86,24354.66,,
2023-11-15,HOLD,22.61,23.18,22.18,22.63,5,22.14,22.63,20.59,24.13,0.0,320.0,17269.86,24511.46,,
2023-11-16,HOLD,22.37,22.91,22.14,22.72,5,22.63,22.72,21.05,24.67,0.0,320.0,17269.86,24540.26,,
2023-11-17,HOLD,22.47,23.29,22.37,23.13,5,22.72,23.13,21.13,24.76,0.0,320.0,17269.86,24671.46,,
2023-11-20,HOLD,23.09,24.42,23.05,24.18,5,23.13,24.18,21.51,25.21,0.0,320.0,17269.86,25007.46,,
2023-11-21,HOLD,23.57,23.6,22.45,22.84,5,24.18,22.84,22.49,26.36,0.0,320.0,17269.86,24578.66,,
2023-11-22,HOLD,23.23,24.12,22.82,23.0,5,22.84,23.0,21.24,24.9,0.0,320.0,17269.86,24629.86,,
2023-11-24,HOLD,22.97,23.15,22.75,23.09,5,23.0,23.09,21.39,25.07,0.0,320.0,17269.86,24658.66,,
2023-11-27,HOLD,22.79,23.54,22.6,22.97,5,23.09,22.97,21.47,25.17,0.0,320.0,17269.86,24620.26,,
2023-11-28,HOLD,22.5,22.89,21.97,22.54,5,22.97,22.54,21.36,25.04,0.0,320.0,17269.86,24482.66,,
2023-11-29,HOLD,23.46,24.3,23.14,23.22,5,22.54,23.22,20.96,24.57,0.0,320.0,17269.86,24700.26,,
2023-11-30,HOLD,23.45,23.47,22.19,22.81,5,23.22,22.81,21.59,25.31,0.0,320.0,17269.86,24569.06,,
2023-12-01,HOLD,22.38,23.2,21.84,23.07,5,22.81,23.07,21.21,24.86,0.0,320.0,17269.86,24652.26,,
2023-12-04,HOLD,22.36,22.44,21.29,22.31,5,23.07,22.31,21.46,25.15,0.0,320.0,17269.86,24409.06,,
2023-12-05,HOLD,21.68,22.09,21.34,21.93,5,22.31,21.93,20.75,24.32,0.0,320.0,17269.86,24287.46,,
2023-12-06,HOLD,22.83,22.89,21.41,21.47,5,21.93,21.47,20.39,23.9,0.0,320.0,17269.86,24140.26,,
2023-12-07,HOLD,22.02,23.4,21.82,23.18,5,21.47,23.18,19.97,23.4,0.0,320.0,17269.86,24687.46,,
2023-12-08,HOLD,23.01,24.04,22.95,23.7,5,23.18,23.7,21.56,25.27,0.0,320.0,17269.86,24853.86,,
2023-12-11,HOLD (not good price),24.39,26.38,24.31,26.11,5,23.7,26.11,22.04,25.83,0.0,320.0,17269.86,25625.06,,
2023-12-12,HOLD,25.75,26.72,25.6,26.65,5,26.11,26.65,24.28,28.46,0.0,320.0,17269.86,25797.86,,
2023-12-13,HOLD,26.7,28.4,26.42,27.92,5,26.65,27.92,24.78,29.05,0.0,320.0,17269.86,26204.26,,
2023-12-14,HOLD (not good price),28.62,30.49,28.61,30.19,5,27.92,30.19,25.97,30.43,0.0,320.0,17269.86,26930.66,,
